NSE,Name,Symbol
NSE: 20MICRONS,20 Microns Limited,20MICRONS
NSE: 21STCENMGM,21st Century Management Services Limited,21STCENMGM
NSE: 3IINFOTECH,3i Infotech Limited,3IINFOTECH
,3M India Limited,#REF!
NSE: 3PLAND,3P Land Holdings Limited,3PLAND
NSE: 3RDROCK,3rd Rock Multimedia Limited,3RDROCK
NSE: 5PAISA,5Paisa Capital Limited,5PAISA
NSE: 63MOONS,63 Moons Technologies Limited,63MOONS
NSE: AMJUMBO,A and M Jumbo Bags Limited,AMJUMBO
NSE: ABINFRA,A B Infrabuild Limited,ABINFRA
NSE: ABNINT,A B N Intercorp Limited,ABNINT
NSE: A2ZINFRA,A2Z Infra Engineering Limited,A2ZINFRA
NSE: AAKASH,Aakash Exploration Services Limited,AAKASH
NSE: AARON,Aaron Industries Limited,AARON
NSE: AARTIDRUGS,Aarti Drugs Limited,AARTIDRUGS
NSE: AARTIIND,Aarti Industries Limited,AARTIIND
NSE: AARVEEDEN,Aarvee Denims & Exports Limited,AARVEEDEN
NSE: AARVI,Aarvi Encon Limited,AARVI
NSE: AAVAS,Aavas Financiers Limited,AAVAS
NSE: ABAN,Aban Offshore Limited,ABAN
NSE: ABB,ABB India Limited,ABB
NSE: POWERINDIA,ABB Power Products and Systems India Limited,POWERINDIA
NSE: ABMINTLTD,ABM International Limited,ABMINTLTD
NSE: ACC,ACC Limited,ACC
NSE: ACCELYA,Accelya Solutions India Limited,ACCELYA
NSE: ACCORD,Accord Synergy Limited,ACCORD
NSE: ACCURACY,Accuracy Shipping Limited,ACCURACY
NSE: ACEINTEG,Ace Integrated Solutions Limited,ACEINTEG
NSE: ACE,Action Construction Equipment Limited,ACE
NSE: ADANIENT,Adani Enterprises Limited,ADANIENT
NSE: ADANIGAS,Adani Gas Limited,ADANIGAS
NSE: ADANIGREEN,Adani Green Energy Limited,ADANIGREEN
NSE: ADANIPORTS,Adani Ports and Special Economic Zone Limited,ADANIPORTS
NSE: ADANIPOWER,Adani Power Limited,ADANIPOWER
NSE: ADANITRANS,Adani Transmission Limited,ADANITRANS
NSE: ADFFOODS,ADF Foods Limited,ADFFOODS
NSE: ADHUNIKIND,Adhunik Industries Limited,ADHUNIKIND
NSE: ABCAPITAL,Aditya Birla Capital Limited,ABCAPITAL
NSE: ABFRL,Aditya Birla Fashion and Retail Limited,ABFRL
NSE: BIRLAMONEY,Aditya Birla Money Limited,BIRLAMONEY
NSE: ADLABS,Adlabs Entertainment Limited,ADLABS
NSE: ADORWELD,Ador Welding Limited,ADORWELD
NSE: ADROITINFO,Adroit Infotech Limited,ADROITINFO
NSE: ADVENZYMES,Advanced Enzyme Technologies Limited,ADVENZYMES
NSE: ADVANIHOTR,Advani Hotels & Resorts (India) Limited,ADVANIHOTR
NSE: AEGISCHEM,Aegis Logistics Limited,AEGISCHEM
NSE: AFFLE,Affle (India) Limited,AFFLE
NSE: AGARIND,Agarwal Industrial Corporation Limited,AGARIND
NSE: AGCNET,AGC Networks Limited,AGCNET
NSE: AGRITECH,Agri-Tech (India) Limited,AGRITECH
NSE: AGROPHOS,Agro Phos India Limited,AGROPHOS
NSE: ATFL,Agro Tech Foods Limited,ATFL
NSE: AHIMSA,Ahimsa Industries Limited,AHIMSA
NSE: AHLADA,Ahlada Engineers Limited,AHLADA
NSE: AHLUCONT,Ahluwalia Contracts (India) Limited,AHLUCONT
NSE: AIAENG,AIA Engineering Limited,AIAENG
NSE: AIRAN,Airan Limited,AIRAN
NSE: AIROLAM,Airo Lam limited,AIROLAM
NSE: AJANTPHARM,Ajanta Pharma Limited,AJANTPHARM
NSE: AJMERA,Ajmera Realty & Infra India Limited,AJMERA
NSE: AJOONI,Ajooni Biotech Limited,AJOONI
NSE: AKASH,Akash Infra-Projects Limited,AKASH
NSE: AKG,Akg Exim Limited,AKG
NSE: AKSHOPTFBR,Aksh Optifibre Limited,AKSHOPTFBR
NSE: AKSHARCHEM,AksharChem India Limited,AKSHARCHEM
NSE: AKZOINDIA,Akzo Nobel India Limited,AKZOINDIA
NSE: ALANKIT,Alankit Limited,ALANKIT
NSE: ALBERTDAVD,Albert David Limited,ALBERTDAVD
NSE: ALCHEM,Alchemist Limited,ALCHEM
NSE: ALEMBICLTD,Alembic Limited,ALEMBICLTD
NSE: APLLTD,Alembic Pharmaceuticals Limited,APLLTD
NSE: ALICON,Alicon Castalloy Limited,ALICON
NSE: ALKALI,Alkali Metals Limited,ALKALI
NSE: ALKEM,Alkem Laboratories Limited,ALKEM
NSE: ALKYLAMINE,Alkyl Amines Chemicals Limited,ALKYLAMINE
NSE: ALLCARGO,Allcargo Logistics Limited,ALLCARGO
NSE: ADSL,Allied Digital Services Limited,ADSL
NSE: ALLSEC,Allsec Technologies Limited,ALLSEC
NSE: ALMONDZ,Almondz Global Securities Limited,ALMONDZ
NSE: ALOKINDS,Alok Industries Limited,ALOKINDS
NSE: ALPA,Alpa Laboratories Limited,ALPA
NSE: ALPHAGEO,Alphageo (India) Limited,ALPHAGEO
NSE: ALPSINDUS,Alps Industries Limited,ALPSINDUS
NSE: AMARAJABAT,Amara Raja Batteries Limited,AMARAJABAT
NSE: AMBANIORG,Ambani Organics Limited,AMBANIORG
NSE: AMBER,Amber Enterprises India Limited,AMBER
NSE: AMBIKCO,Ambika Cotton Mills Limited,AMBIKCO
NSE: AMBUJACEM,Ambuja Cements Limited,AMBUJACEM
NSE: AMDIND,AMD Industries Limited,AMDIND
NSE: ASIL,Amit Spinning Industries Limited,ASIL
NSE: AMJLAND,Amj Land Holdings Limited,AMJLAND
NSE: AMRUTANJAN,Amrutanjan Health Care Limited,AMRUTANJAN
NSE: ANANTRAJ,Anant Raj Limited,ANANTRAJ
NSE: ANDHRACEMT,Andhra Cements Limited,ANDHRACEMT
NSE: ANDHRAPAP,Andhra Paper Limited,ANDHRAPAP
NSE: ANGELBRKG,Angel Broking Limited,ANGELBRKG
NSE: AISL,ANI Integrated Services Limited,AISL
NSE: ANIKINDS,Anik Industries Limited,ANIKINDS
NSE: APCL,Anjani Portland Cement Limited,APCL
NSE: ANKITMETAL,Ankit Metal & Power Limited,ANKITMETAL
NSE: ANSALHSG,Ansal Housing Limited,ANSALHSG
NSE: ANSALAPI,Ansal Properties & Infrastructure Limited,ANSALAPI
NSE: APARINDS,Apar Industries Limited,APARINDS
NSE: APCOTEXIND,Apcotex Industries Limited,APCOTEXIND
NSE: APEX,Apex Frozen Foods Limited,APEX
NSE: APLAPOLLO,APL Apollo Tubes Limited,APLAPOLLO
NSE: APOLLOHOSP,Apollo Hospitals Enterprise Limited,APOLLOHOSP
NSE: APOLLO,Apollo Micro Systems Limited,APOLLO
NSE: APOLLOPIPE,Apollo Pipes Limited,APOLLOPIPE
NSE: APOLSINHOT,Apollo Sindoori Hotels Limited,APOLSINHOT
NSE: APOLLOTYRE,Apollo Tyres Limited,APOLLOTYRE
NSE: APTECHT,Aptech Limited,APTECHT
NSE: ARCHIDPLY,Archidply Industries Limited,ARCHIDPLY
NSE: ARCHIES,Archies Limited,ARCHIES
NSE: ARCOTECH,Arcotech Limited,ARCOTECH
NSE: ARIES,Aries Agro Limited,ARIES
NSE: ARIHANT,Arihant Foundations & Housing Limited,ARIHANT
NSE: ARIHANTSUP,Arihant Superstructures Limited,ARIHANTSUP
NSE: ARMANFIN,Arman Financial Services Limited,ARMANFIN
NSE: AROGRANITE,Aro Granite Industries Limited,AROGRANITE
NSE: ARROWGREEN,Arrow Greentech Limited,ARROWGREEN
NSE: ARSHIYA,Arshiya Limited,ARSHIYA
NSE: ARSSINFRA,ARSS Infrastructure Projects Limited,ARSSINFRA
NSE: ARTNIRMAN,Art Nirman Limited,ARTNIRMAN
NSE: ARTEDZ,Artedz Fabs Limited,ARTEDZ
NSE: ARTEMISMED,Artemis Medicare Services Limited,ARTEMISMED
NSE: ARVEE,Arvee Laboratories (India) Limited,ARVEE
NSE: ARVINDFASN,Arvind Fashions Limited,ARVINDFASN
NSE: ARVIND,Arvind Limited,ARVIND
NSE: ARVSMART,Arvind SmartSpaces Limited,ARVSMART
NSE: ASAHIINDIA,Asahi India Glass Limited,ASAHIINDIA
NSE: ASAHISONG,Asahi Songwon Colors Limited,ASAHISONG
NSE: ASCOM,Ascom Leasing & Investments Limited,ASCOM
NSE: ASHAPURMIN,Ashapura Minechem Limited,ASHAPURMIN
NSE: ASHIANA,Ashiana Housing Limited,ASHIANA
NSE: ASHIMASYN,Ashima Limited,ASHIMASYN
NSE: ASHOKLEY,Ashok Leyland Limited,ASHOKLEY
NSE: ASHOKA,Ashoka Buildcon Limited,ASHOKA
NSE: ASIANTILES,Asian Granito India Limited,ASIANTILES
NSE: AHLEAST,Asian Hotels (East) Limited,AHLEAST
NSE: ASIANHOTNR,Asian Hotels (North) Limited,ASIANHOTNR
NSE: AHLWEST,Asian Hotels (West) Limited,AHLWEST
NSE: ASIANPAINT,Asian Paints Limited,ASIANPAINT
NSE: ASLIND,ASL Industries Limited,ASLIND
NSE: ASPINWALL,Aspinwall and Company Limited,ASPINWALL
NSE: ASALCBR,Associated Alcohols & Breweries Ltd.,ASALCBR
NSE: ASTEC,Astec LifeSciences Limited,ASTEC
NSE: ASTERDM,Aster DM Healthcare Limited,ASTERDM
NSE: ASTRAMICRO,Astra Microwave Products Limited,ASTRAMICRO
NSE: ASTRAL,Astral Limited,ASTRAL
NSE: ASTRAZEN,AstraZeneca Pharma India Limited,ASTRAZEN
NSE: ASTRON,Astron Paper & Board Mill Limited,ASTRON
NSE: ATLANTA,Atlanta Limited,ATLANTA
NSE: ATLASCYCLE,Atlas Cycles (Haryana) Limited,ATLASCYCLE
NSE: ATNINTER,ATN International Limited,ATNINTER
NSE: ATULAUTO,Atul Auto Limited,ATULAUTO
NSE: ATUL,Atul Limited,ATUL
NSE: AUBANK,AU Small Finance Bank Limited,AUBANK
NSE: AURDIS,Aurangabad Distillery Limited,AURDIS
NSE: Aurionpro,Aurionpro Solutions Limited,Aurionpro
NSE: AUROPHARMA,Aurobindo Pharma Limited,AUROPHARMA
NSE: AUSOMENT,Ausom Enterprise Limited,AUSOMENT
NSE: AUTOIND,Autoline Industries Limited,AUTOIND
NSE: AUTOLITIND,Autolite (India) Limited,AUTOLITIND
NSE: AUTOAXLES,Automotive Axles Limited,AUTOAXLES
NSE: ASAL,Automotive Stampings and Assemblies Limited,ASAL
NSE: AVADHSUGAR,Avadh Sugar & Energy Limited,AVADHSUGAR
NSE: AVANTIFEED,Avanti Feeds Limited,AVANTIFEED
NSE: AVENTUS,Aventus Buildcon Limited,AVENTUS
NSE: DMART,Avenue Supermarts Limited,DMART
NSE: AVG,AVG Logistics Limited,AVG
NSE: AVROIND,Avro India Limited,AVROIND
NSE: AVSL,AVSL Industries Limited,AVSL
NSE: AVTNPL,AVT Natural Products Limited,AVTNPL
NSE: AXISBANK,Axis Bank Limited,AXISBANK
NSE: AXISCADES,AXISCADES Engineering Technologies Limited,AXISCADES
NSE: AYMSYNTEX,AYM Syntex Limited,AYMSYNTEX
NSE: BBTCL,B&B Triplewall Containers Limited,BBTCL
NSE: BLKASHYAP,B. L. Kashyap and Sons Limited,BLKASHYAP
NSE: BAGFILMS,B.A.G Films and Media Limited,BAGFILMS
NSE: BABAFOOD,Baba Agro Food Limited,BABAFOOD
NSE: BAFNAPH,Bafna Pharmaceuticals Limited,BAFNAPH
NSE: BAJAJ-AUTO,Bajaj Auto Limited,BAJAJ-AUTO
NSE: BAJAJCON,Bajaj Consumer Care Limited,BAJAJCON
NSE: BAJAJELEC,Bajaj Electricals Limited,BAJAJELEC
NSE: BAJFINANCE,Bajaj Finance Limited,BAJFINANCE
NSE: BAJAJFINSV,Bajaj Finserv Limited,BAJAJFINSV
NSE: BAJAJHIND,Bajaj Hindusthan Sugar Limited,BAJAJHIND
NSE: BAJAJHLDNG,Bajaj Holdings & Investment Limited,BAJAJHLDNG
NSE: BALPHARMA,Bal Pharma Limited,BALPHARMA
NSE: BALAMINES,Balaji Amines Limited,BALAMINES
NSE: BALAJITELE,Balaji Telefilms Limited,BALAJITELE
NSE: BALAXI,Balaxi Ventures Limited,BALAXI
NSE: BALKRISIND,Balkrishna Industries Limited,BALKRISIND
NSE: BALKRISHNA,Balkrishna Paper Mills Limited,BALKRISHNA
NSE: BALLARPUR,Ballarpur Industries Limited,BALLARPUR
NSE: BALMLAWRIE,Balmer Lawrie & Company Limited,BALMLAWRIE
NSE: BALRAMCHIN,Balrampur Chini Mills Limited,BALRAMCHIN
NSE: BANARBEADS,Banaras Beads Limited,BANARBEADS
NSE: BANCOINDIA,Banco Products (I) Limited,BANCOINDIA
NSE: BANDHANBNK,Bandhan Bank Limited,BANDHANBNK
NSE: BANG,Bang Overseas Limited,BANG
NSE: BANKBARODA,Bank of Baroda,BANKBARODA
NSE: BANKINDIA,Bank of India,BANKINDIA
NSE: MAHABANK,Bank of Maharashtra,MAHABANK
NSE: BANKA,Banka BioLoo Limited,BANKA
NSE: BASML,Bannari Amman Spinning Mills Limited,BASML
NSE: BANARISUG,Bannari Amman Sugars Limited,BANARISUG
NSE: BANSWRAS,Banswara Syntex Limited,BANSWRAS
NSE: BVCL,Barak Valley Cements Limited,BVCL
NSE: BARTRONICS,Bartronics India Limited,BARTRONICS
NSE: BASF,BASF India Limited,BASF
NSE: BATAINDIA,Bata India Limited,BATAINDIA
NSE: BDR,BDR Buildcon Limited,BDR
NSE: BEARDSELL,Beardsell Limited,BEARDSELL
NSE: BEDMUTHA,Bedmutha Industries Limited,BEDMUTHA
NSE: BEML,BEML Limited,BEML
NSE: BERGEPAINT,Berger Paints (I) Limited,BERGEPAINT
NSE: BETA,Beta Drugs Limited,BETA
NSE: BFINVEST,BF Investment Limited,BFINVEST
NSE: BFUTILITIE,BF Utilities Limited,BFUTILITIE
NSE: BGRENERGY,BGR Energy Systems Limited,BGRENERGY
NSE: BHAGERIA,Bhageria Industries Limited,BHAGERIA
NSE: BHAGYANGR,Bhagyanagar India Limited,BHAGYANGR
NSE: BHAGYAPROP,Bhagyanagar Properties Limited,BHAGYAPROP
NSE: BHALCHANDR,Bhalchandram Clothing Limited,BHALCHANDR
NSE: BHANDARI,Bhandari Hosiery Exports Limited,BHANDARI
NSE: BEPL,Bhansali Engineering Polymers Limited,BEPL
NSE: BBL,Bharat Bijlee Limited,BBL
NSE: BDL,Bharat Dynamics Limited,BDL
NSE: BEL,Bharat Electronics Limited,BEL
NSE: BHARATFORG,Bharat Forge Limited,BHARATFORG
NSE: BHARATGEAR,Bharat Gears Limited,BHARATGEAR
NSE: BHEL,Bharat Heavy Electricals Limited,BHEL
NSE: BPCL,Bharat Petroleum Corporation Limited,BPCL
NSE: BHARATRAS,Bharat Rasayan Limited,BHARATRAS
NSE: BRNL,Bharat Road Network Limited,BRNL
NSE: BHARATWIRE,Bharat Wire Ropes Limited,BHARATWIRE
NSE: BHARTIARTL,Bharti Airtel Limited,BHARTIARTL
NSE: INFRATEL,Bharti Infratel Limited,INFRATEL
NSE: BIL,Bhartiya International Limited,BIL
NSE: BIGBLOC,Bigbloc Construction Limited,BIGBLOC
NSE: BILENERGY,Bil Energy Systems Limited,BILENERGY
NSE: BIOCON,Biocon Limited,BIOCON
NSE: BIOFILCHEM,Biofil Chemicals & Pharmaceuticals Limited,BIOFILCHEM
NSE: BIRLACABLE,Birla Cable Limited,BIRLACABLE
NSE: BIRLACORPN,Birla Corporation Limited,BIRLACORPN
NSE: BIRLATYRE,Birla Tyres Limited,BIRLATYRE
NSE: BSOFT,Birlasoft Limited,BSOFT
NSE: BKMINDST,Bkm Industries Limited,BKMINDST
NSE: BLBLIMITED,BLB Limited,BLBLIMITED
NSE: BLISSGVS,Bliss GVS Pharma Limited,BLISSGVS
NSE: BLS,BLS International Services Limited,BLS
NSE: BLUECHIP,Blue Chip India Limited,BLUECHIP
NSE: BLUECOAST,Blue Coast Hotels Limited,BLUECOAST
NSE: BLUEDART,Blue Dart Express Limited,BLUEDART
NSE: BLUESTARCO,Blue Star Limited,BLUESTARCO
NSE: BODALCHEM,Bodal Chemicals Limited,BODALCHEM
NSE: BOHRA,Bohra Industries Limited,BOHRA
NSE: BBTC,Bombay Burmah Trading Corporation Limited,BBTC
NSE: BOMDYEING,Bombay Dyeing & Mfg Company Limited,BOMDYEING
NSE: BRFL,Bombay Rayon Fashions Limited,BRFL
NSE: BSHSL,Bombay Super Hybrid Seeds Limited,BSHSL
NSE: BORORENEW,Borosil Renewables Limited,BORORENEW
NSE: BOSCHLTD,Bosch Limited,BOSCHLTD
NSE: BPL,BPL Limited,BPL
NSE: BCONCEPTS,Brand Concepts Limited,BCONCEPTS
NSE: BRIGADE,Brigade Enterprises Limited,BRIGADE
NSE: BRIGHT,Bright Solar Limited,BRIGHT
NSE: BCG,Brightcom Group Limited,BCG
NSE: BRITANNIA,Britannia Industries Limited,BRITANNIA
NSE: BROOKS,Brooks Laboratories Limited,BROOKS
NSE: BSE,BSE Limited,BSE
NSE: BSELINFRA,BSEL Infrastructure Realty Limited,BSELINFRA
NSE: BSL,BSL Limited,BSL
NSE: BURNPUR,Burnpur Cement Limited,BURNPUR
NSE: BUTTERFLY,Butterfly Gandhimathi Appliances Limited,BUTTERFLY
NSE: BSD,Best Stock Advisory,BSD
NSE: CANDC,C & C Constructions Limited,CANDC
NSE: CADILAHC,Cadila Healthcare Limited,CADILAHC
NSE: CADSYS,Cadsys (India) Limited,CADSYS
NSE: CALSOFT,California Software Company Limited,CALSOFT
NSE: CTE,Cambridge Technology Enterprises Limited,CTE
NSE: CAMLINFINE,Camlin Fine Sciences Limited,CAMLINFINE
NSE: CANFINHOME,Can Fin Homes Limited,CANFINHOME
NSE: CANBK,Canara Bank,CANBK
NSE: CANTABIL,Cantabil Retail India Limited,CANTABIL
NSE: CAPACITE,Capacit'e Infraprojects Limited,CAPACITE
NSE: CAPTRUST,Capital Trust Limited,CAPTRUST
NSE: CAPLIPOINT,Caplin Point Laboratories Limited,CAPLIPOINT
NSE: CGCL,Capri Global Capital Limited,CGCL
NSE: CARBORUNIV,Carborundum Universal Limited,CARBORUNIV
NSE: CARERATING,CARE Ratings Limited,CARERATING
NSE: CAREERP,Career Point Limited,CAREERP
NSE: CASTEXTECH,Castex Technologies Limited,CASTEXTECH
NSE: CASTROLIND,Castrol India Limited,CASTROLIND
NSE: CCL,CCL Products (India) Limited,CCL
NSE: CEATLTD,CEAT Limited,CEATLTD
NSE: CELEBRITY,Celebrity Fashions Limited,CELEBRITY
NSE: CENTRALBK,Central Bank of India,CENTRALBK
NSE: CDSL,Central Depository Services (India) Limited,CDSL
NSE: CENTRUM,Centrum Capital Limited,CENTRUM
NSE: CENTUM,Centum Electronics Limited,CENTUM
NSE: CENTENKA,Century Enka Limited,CENTENKA
NSE: CENTEXT,Century Extrusions Limited,CENTEXT
NSE: CENTURYPLY,Century Plyboards (India) Limited,CENTURYPLY
NSE: CENTURYTEX,Century Textiles & Industries Limited,CENTURYTEX
NSE: CERA,Cera Sanitaryware Limited,CERA
NSE: CEREBRAINT,Cerebra Integrated Technologies Limited,CEREBRAINT
NSE: CESC,CESC Limited,CESC
NSE: CESCVENT,CESC Ventures Limited,CESCVENT
NSE: CGPOWER,CG Power and Industrial Solutions Limited,CGPOWER
NSE: CHALET,Chalet Hotels Limited,CHALET
NSE: CHAMBLFERT,Chambal Fertilizers & Chemicals Limited,CHAMBLFERT
NSE: CHEMBOND,Chembond Chemicals Ltd,CHEMBOND
NSE: CHEMCON,Chemcon Speciality Chemicals Limited,CHEMCON
NSE: CHEMFAB,Chemfab Alkalis Limited,CHEMFAB
NSE: CHENNPETRO,Chennai Petroleum Corporation Limited,CHENNPETRO
NSE: CHOLAHLDNG,Cholamandalam Financial Holdings Limited,CHOLAHLDNG
NSE: CHOLAFIN,Cholamandalam Investment and Finance Company Limited,CHOLAFIN
NSE: CHROMATIC,Chromatic India Limited,CHROMATIC
NSE: CIGNITITEC,Cigniti Technologies Limited,CIGNITITEC
NSE: CNOVAPETRO,CIL Nova Petrochemicals Limited,CNOVAPETRO
NSE: CIMMCO,Cimmco Limited,CIMMCO
NSE: CINELINE,Cineline India Limited,CINELINE
NSE: CINEVISTA,Cinevista Limited,CINEVISTA
NSE: CIPLA,Cipla Limited,CIPLA
NSE: CUB,City Union Bank Limited,CUB
NSE: CKPLEISURE,CKP Leisure Limited,CKPLEISURE
NSE: CKPPRODUCT,CKP Products Limited,CKPPRODUCT
NSE: CLEDUCATE,CL Educate Limited,CLEDUCATE
NSE: CLNINDIA,Clariant Chemicals (India) Limited,CLNINDIA
NSE: CMICABLES,CMI Limited,CMICABLES
NSE: CMMIPL,CMM Infraprojects Limited,CMMIPL
NSE: COALINDIA,Coal India Limited,COALINDIA
NSE: COCHINSHIP,Cochin Shipyard Limited,COCHINSHIP
NSE: COFORGE,Coforge Limited,COFORGE
NSE: COLPAL,Colgate Palmolive (India) Limited,COLPAL
NSE: CEBBCO,Commercial Engineers & Body Builders Co Limited,CEBBCO
NSE: COMPINFO,Compuage Infocom Limited,COMPINFO
NSE: COMPUSOFT,Compucom Software Limited,COMPUSOFT
NSE: CAMS,Computer Age Management Services Limited,CAMS
NSE: CONFIPET,Confidence Petroleum India Limited,CONFIPET
NSE: CCCL,Consolidated Construction Consortium Limited,CCCL
NSE: CONSOFINVT,Consolidated Finvest & Holdings Limited,CONSOFINVT
NSE: CONCOR,Container Corporation of India Limited,CONCOR
NSE: CONTI,Continental Seeds and Chemicals Limited,CONTI
NSE: CONTROLPR,Control Print Limited,CONTROLPR
NSE: CORALFINAC,Coral India Finance & Housing Limited,CORALFINAC
NSE: CORDSCABLE,Cords Cable Industries Limited,CORDSCABLE
NSE: COROMANDEL,Coromandel International Limited,COROMANDEL
NSE: COSMOFILMS,Cosmo Films Limited,COSMOFILMS
NSE: CCHHL,Country Club Hospitality & Holidays Limited,CCHHL
NSE: COUNCODOS,Country Condo's Limited,COUNCODOS
NSE: CKFSL,Cox & Kings Financial Service Limited,CKFSL
NSE: COX&KINGS,Cox & Kings Limited,COX&KINGS
NSE: CREATIVEYE,Creative Eye Limited,CREATIVEYE
NSE: CREATIVE,Creative Peripherals and Distribution Limited,CREATIVE
NSE: CREDITACC,CreditAccess Grameen Limited,CREDITACC
NSE: CREST,Crest Ventures Limited,CREST
NSE: CRISIL,CRISIL Limited,CRISIL
NSE: CROMPTON,Crompton Greaves Consumer Electricals Limited,CROMPTON
NSE: CROWN,Crown Lifters Limited,CROWN
NSE: CSBBANK,CSB Bank Limited,CSBBANK
NSE: CUBEXTUB,Cubex Tubings Limited,CUBEXTUB
NSE: CUMMINSIND,Cummins India Limited,CUMMINSIND
NSE: CUPID,Cupid Limited,CUPID
NSE: CYBERTECH,Cybertech Systems And Software Limited,CYBERTECH
NSE: CYIENT,Cyient Limited,CYIENT
NSE: DBREALTY,D B Realty Limited,DBREALTY
NSE: DPWIRES,D P Wires Limited,DPWIRES
NSE: DPABHUSHAN,D. P. Abhushan Limited,DPABHUSHAN
NSE: DBCORP,D.B.Corp Limited,DBCORP
NSE: DABUR,Dabur India Limited,DABUR
NSE: DALBHARAT,Dalmia Bharat Limited,DALBHARAT
NSE: DALMIASUG,Dalmia Bharat Sugar and Industries Limited,DALMIASUG
NSE: DAMODARIND,Damodar Industries Limited,DAMODARIND
NSE: DANGEE,Dangee Dums Limited,DANGEE
NSE: DATAMATICS,Datamatics Global Services Limited,DATAMATICS
NSE: DBSTOCKBRO,DB (International) Stock Brokers Limited,DBSTOCKBRO
NSE: DCI,DC Infotech and Communication Limited,DCI
NSE: DCBBANK,DCB Bank Limited,DCBBANK
NSE: DCM,DCM Limited,DCM
NSE: DCMFINSERV,DCM Financial Services Limited,DCMFINSERV
NSE: DCMNVL,DCM Nouvelle Limited,DCMNVL
NSE: DCMSHRIRAM,DCM Shriram Limited,DCMSHRIRAM
NSE: DCW,DCW Limited,DCW
NSE: DENORA,De Nora India Limited,DENORA
NSE: DSML,Debock Sales And Marketing Limited,DSML
NSE: DECCANCE,Deccan Cements Limited,DECCANCE
NSE: DEEPIND,Deep Industries Limited,DEEPIND
NSE: DEEPAKFERT,Deepak Fertilizers and Petrochemicals Corporation Limited,DEEPAKFERT
NSE: DEEPAKNTR,Deepak Nitrite Limited,DEEPAKNTR
NSE: DELTACORP,Delta Corp Limited,DELTACORP
NSE: DELTAMAGNT,Delta Manufacturing Limited,DELTAMAGNT
NSE: DEN,Den Networks Limited,DEN
NSE: DEVIT,Dev Information Technology Limited,DEVIT
NSE: DHFL,Dewan Housing Finance Corporation Limited,DHFL
NSE: DFMFOODS,DFM Foods Limited,DFMFOODS
NSE: DHAMPURSUG,Dhampur Sugar Mills Limited,DHAMPURSUG
NSE: DHANBANK,Dhanlaxmi Bank Limited,DHANBANK
NSE: DHANUKA,Dhanuka Agritech Limited,DHANUKA
NSE: DRL,Dhanuka Realty Limited,DRL
NSE: DHARSUGAR,Dharani Sugars & Chemicals Limited,DHARSUGAR
NSE: DHUNINV,Dhunseri Investments Limited,DHUNINV
NSE: DTIL,Dhunseri Tea & Industries Limited,DTIL
NSE: DVL,Dhunseri Ventures Limited,DVL
NSE: DIAPOWER,Diamond Power Infra Ltd,DIAPOWER
NSE: DICIND,DIC India Limited,DICIND
NSE: DGCONTENT,Digicontent Limited,DGCONTENT
NSE: DIGISPICE,DiGiSPICE Technologies Limited,DIGISPICE
NSE: DIGJAMLTD,Digjam Limited,DIGJAMLTD
NSE: DNAMEDIA,Diligent Media Corporation Limited,DNAMEDIA
NSE: DBL,Dilip Buildcon Limited,DBL
NSE: DISHTV,Dish TV India Limited,DISHTV
NSE: DCAL,Dishman Carbogen Amcis Limited,DCAL
NSE: DIVISLAB,Divi's Laboratories Limited,DIVISLAB
NSE: DIXON,Dixon Technologies (India) Limited,DIXON
NSE: DLF,DLF Limited,DLF
NSE: DLINKINDIA,D-Link (India) Limited,DLINKINDIA
NSE: DOLLAR,Dollar Industries Limited,DOLLAR
NSE: DONEAR,Donear Industries Limited,DONEAR
NSE: DPSCLTD,DPSC Limited,DPSCLTD
NSE: DQE,DQ Entertainment (International) Limited,DQE
NSE: LALPATHLAB,Dr. Lal Path Labs Ltd.,LALPATHLAB
NSE: DRREDDY,Dr. Reddy's Laboratories Limited,DRREDDY
NSE: DREDGECORP,Dredging Corporation of India Limited,DREDGECORP
NSE: DRSDILIP,DRS Dilip Roadlines Limited,DRSDILIP
NSE: DUCON,Ducon Infratechnologies Limited,DUCON
NSE: DWARKESH,Dwarikesh Sugar Industries Limited,DWARKESH
NSE: DSSL,Dynacons Systems & Solutions Limited,DSSL
NSE: DYNAMATECH,Dynamatic Technologies Limited,DYNAMATECH
NSE: DYNPRO,Dynemic Products Limited,DYNPRO
NSE: E2E,E2E Networks Limited,E2E
NSE: EASTSILK,Eastern Silk Industries Limited,EASTSILK
NSE: EASUNREYRL,Easun Reyrolle Limited,EASUNREYRL
NSE: EBIXFOREX,EbixCash World Money Limited,EBIXFOREX
NSE: ECLERX,eClerx Services Limited,ECLERX
NSE: EDELWEISS,Edelweiss Financial Services Limited,EDELWEISS
NSE: EDUCOMP,Educomp Solutions Limited,EDUCOMP
NSE: EICHERMOT,Eicher Motors Limited,EICHERMOT
NSE: EIDPARRY,EID Parry India Limited,EIDPARRY
NSE: EIHAHOTELS,EIH Associated Hotels Limited,EIHAHOTELS
NSE: EIHOTEL,EIH Limited,EIHOTEL
NSE: EIMCOELECO,Eimco Elecon (India) Limited,EIMCOELECO
NSE: ELECON,Elecon Engineering Company Limited,ELECON
NSE: ELECTCAST,Electrosteel Castings Limited,ELECTCAST
NSE: ELECTHERM,Electrotherm (India) Limited,ELECTHERM
NSE: ELGIEQUIP,Elgi Equipments Limited,ELGIEQUIP
NSE: ELGIRUBCO,Elgi Rubber Company Limited,ELGIRUBCO
NSE: EMAMILTD,Emami Limited,EMAMILTD
NSE: EMAMIPAP,Emami Paper Mills Limited,EMAMIPAP
NSE: EMAMIREAL,Emami Realty Limited,EMAMIREAL
NSE: EMCO,Emco Limited,EMCO
NSE: EMKAY,Emkay Global Financial Services Limited,EMKAY
NSE: EMKAYTOOLS,Emkay Taps and Cutting Tools Limited,EMKAYTOOLS
NSE: EMIL,Electronics Mart India Limited,EMIL
NSE: EMMBI,Emmbi Industries Limited,EMMBI
NSE: EDL,Empee Distilleries Limited,EDL
NSE: ENDURANCE,Endurance Technologies Limited,ENDURANCE
NSE: ENERGYDEV,Energy Development Company Limited,ENERGYDEV
NSE: ENGINERSIN,Engineers India Limited,ENGINERSIN
NSE: ENIL,Entertainment Network (India) Limited,ENIL
NSE: EON,Eon Electric Limited,EON
NSE: EQUITAS,Equitas Holdings Limited,EQUITAS
NSE: EQUITASBNK,Equitas Small Finance Bank Limited,EQUITASBNK
NSE: ERIS,Eris Lifesciences Limited,ERIS
NSE: EROSMEDIA,Eros International Media Limited,EROSMEDIA
NSE: ESABINDIA,Esab India Limited,ESABINDIA
NSE: ESCORTS,Escorts Limited,ESCORTS
NSE: ESSARSHPNG,Essar Shipping Limited,ESSARSHPNG
NSE: ESSELPACK,Essel Propack Limited,ESSELPACK
NSE: ESTER,Ester Industries Limited,ESTER
NSE: EUROCERA,Euro Ceramics Limited,EUROCERA
NSE: EIFFL,Euro India Fresh Foods Limited,EIFFL
NSE: EUROMULTI,Euro Multivision Limited,EUROMULTI
NSE: EUROTEXIND,Eurotex Industries and Exports Limited,EUROTEXIND
NSE: EVEREADY,Eveready Industries India Limited,EVEREADY
NSE: EVERESTIND,Everest Industries Limited,EVERESTIND
NSE: EKC,Everest Kanto Cylinder Limited,EKC
NSE: EXCELINDUS,Excel Industries Limited,EXCELINDUS
NSE: EXCEL,Excel Realty N Infra Limited,EXCEL
NSE: EXIDEIND,Exide Industries Limited,EXIDEIND
NSE: EXPLEOSOL,Expleo Solutions Limited,EXPLEOSOL
NSE: FAIRCHEM,Fairchem Speciality Limited,FAIRCHEM
NSE: FCSSOFT,FCS Software Solutions Limited,FCSSOFT
NSE: FDC,FDC Limited,FDC
NSE: FMGOETZE,Federal-Mogul Goetze (India) Limited,FMGOETZE
NSE: FELIX,Felix Industries Limited,FELIX
NSE: FACT,Fertilizers and Chemicals Travancore Limited,FACT
NSE: FIEMIND,Fiem Industries Limited,FIEMIND
NSE: FILATEX,Filatex India Limited,FILATEX
NSE: FINEORG,Fine Organic Industries Limited,FINEORG
NSE: FCL,Fineotex Chemical Limited,FCL
NSE: FINCABLES,Finolex Cables Limited,FINCABLES
NSE: FINPIPE,Finolex Industries Limited,FINPIPE
NSE: FSL,Firstsource Solutions Limited,FSL
NSE: FLEXITUFF,Flexituff Ventures International Limited,FLEXITUFF
NSE: FOCUS,Focus Lighting and Fixtures Limited,FOCUS
NSE: FORTIS,Fortis Healthcare Limited,FORTIS
NSE: FOSECOIND,Foseco India Limited,FOSECOIND
NSE: FOURTHDIM,Fourth Dimension Solutions Limited,FOURTHDIM
NSE: FCONSUMER,Future Consumer Limited,FCONSUMER
NSE: FEL,Future Enterprises Limited,FEL
NSE: FLFL,Future Lifestyle Fashions Limited,FLFL
NSE: FMNL,Future Market Networks Limited,FMNL
NSE: FRETAIL,Future Retail Limited,FRETAIL
NSE: FSC,Future Supply Chain Solutions Limited,FSC
NSE: GABRIEL,Gabriel India Limited,GABRIEL
NSE: GAIL,GAIL (India) Limited,GAIL
NSE: GALAXYSURF,Galaxy Surfactants Limited,GALAXYSURF
NSE: GALLISPAT,Gallantt Ispat Limited,GALLISPAT
NSE: GALLANTT,Gallantt Metal Limited,GALLANTT
NSE: GAMMNINFRA,Gammon Infrastructure Projects Limited,GAMMNINFRA
NSE: GANDHITUBE,Gandhi Special Tubes Limited,GANDHITUBE
NSE: GANESHHOUC,Ganesh Housing Corporation Limited,GANESHHOUC
NSE: GANECOS,Ganesha Ecosphere Limited,GANECOS
NSE: GANGAFORGE,Ganga Forging Limited,GANGAFORGE
NSE: GANGESSECU,Ganges Securities Limited,GANGESSECU
NSE: GRSE,Garden Reach Shipbuilders & Engineers Limited,GRSE
NSE: GARDENSILK,Garden Silk Mills Limited,GARDENSILK
NSE: GARFIBRES,Garware Technical Fibres Limited,GARFIBRES
NSE: GDL,Gateway Distriparks Limited,GDL
NSE: GATI,GATI Limited,GATI
NSE: GAYAHWS,Gayatri Highways Limited,GAYAHWS
NSE: GAYAPROJ,Gayatri Projects Limited,GAYAPROJ
NSE: GBGLOBAL,GB Global Limited,GBGLOBAL
NSE: GEPIL,GE Power India Limited,GEPIL
NSE: GET&D,GE T&D India Limited,GET&D
NSE: GEECEE,GeeCee Ventures Limited,GEECEE
NSE: GEEKAYWIRE,Geekay Wires Limited,GEEKAYWIRE
NSE: GICRE,General Insurance Corporation of India,GICRE
NSE: GENESYS,Genesys International Corporation Limited,GENESYS
NSE: GENUSPAPER,Genus Paper & Boards Limited,GENUSPAPER
NSE: GENUSPOWER,Genus Power Infrastructures Limited,GENUSPOWER
NSE: GEOJITFSL,Geojit Financial Services Limited,GEOJITFSL
NSE: GFLLIMITED,GFL Limited,GFLLIMITED
NSE: GHCL,GHCL Limited,GHCL
NSE: GISOLUTION,GI Engineering Solutions Limited,GISOLUTION
NSE: GICHSGFIN,GIC Housing Finance Limited,GICHSGFIN
NSE: GILLANDERS,Gillanders Arbuthnot & Company Limited,GILLANDERS
NSE: GILLETTE,Gillette India Limited,GILLETTE
NSE: GINNIFILA,Ginni Filaments Limited,GINNIFILA
NSE: GIRRESORTS,GIR Natureview Resorts Limited,GIRRESORTS
NSE: GKWLIMITED,GKW Limited,GKWLIMITED
NSE: GLAND,Gland Pharma Limited,GLAND
NSE: GSKCONS,GlaxoSmithKline Consumer Healthcare Limited,GSKCONS
NSE: GLAXO,GlaxoSmithKline Pharmaceuticals Limited,GLAXO
NSE: GLENMARK,Glenmark Pharmaceuticals Limited,GLENMARK
NSE: GLOBAL,Global Education Limited,GLOBAL
NSE: GLOBOFFS,Global Offshore Services Limited,GLOBOFFS
NSE: GLOBALVECT,Global Vectra Helicorp Limited,GLOBALVECT
NSE: GICL,Globe International Carriers Limited,GICL
NSE: GLOBE,Globe Textiles (India) Limited,GLOBE
NSE: GLOBUSSPR,Globus Spirits Limited,GLOBUSSPR
NSE: GMBREW,GM Breweries Limited,GMBREW
NSE: GMMPFAUDLR,GMM Pfaudler Limited,GMMPFAUDLR
NSE: GMRINFRA,GMR Infrastructure Limited,GMRINFRA
NSE: GNA,GNA Axles Limited,GNA
NSE: GOACARBON,Goa Carbon Limited,GOACARBON
NSE: GOCLCORP,GOCL Corporation Limited,GOCLCORP
NSE: GPIL,Godawari Power And Ispat limited,GPIL
NSE: GODFRYPHLP,Godfrey Phillips India Limited,GODFRYPHLP
NSE: GODHA,Godha Cabcon & Insulation Limited,GODHA
NSE: GODREJAGRO,Godrej Agrovet Limited,GODREJAGRO
NSE: GODREJCP,Godrej Consumer Products Limited,GODREJCP
NSE: GODREJIND,Godrej Industries Limited,GODREJIND
NSE: GODREJPROP,Godrej Properties Limited,GODREJPROP
NSE: GOENKA,Goenka Diamond and Jewels Limited,GOENKA
NSE: GOKEX,Gokaldas Exports Limited,GOKEX
NSE: GOKULAGRO,Gokul Agro Resources Limited,GOKULAGRO
NSE: GOKUL,Gokul Refoils and Solvent Limited,GOKUL
NSE: GOLDENTOBC,Golden Tobacco Limited,GOLDENTOBC
NSE: GOLDIAM,Goldiam International Limited,GOLDIAM
NSE: GOLDSTAR,Goldstar Power Limited,GOLDSTAR
NSE: GOLDTECH,Goldstone Technologies Limited,GOLDTECH
NSE: GOODLUCK,Goodluck India Limited,GOODLUCK
NSE: GULFPETRO,GP Petroleums Limited,GULFPETRO
NSE: GPTINFRA,GPT Infraprojects Limited,GPTINFRA
NSE: GFSTEELS,Grand Foundry Limited,GFSTEELS
NSE: GRANULES,Granules India Limited,GRANULES
NSE: GRAPHITE,Graphite India Limited,GRAPHITE
NSE: GRASIM,Grasim Industries Limited,GRASIM
NSE: GRAVITA,Gravita India Limited,GRAVITA
NSE: GREAVESCOT,Greaves Cotton Limited,GREAVESCOT
NSE: GREENLAM,Greenlam Industries Limited,GREENLAM
NSE: GREENPANEL,Greenpanel Industries Limited,GREENPANEL
NSE: GREENPLY,Greenply Industries Limited,GREENPLY
NSE: GRETEX,Gretex Industries Limited,GRETEX
NSE: GRINDWELL,Grindwell Norton Limited,GRINDWELL
NSE: GRINFRA,G R Infraprojects Limited,GRINFRA
NSE: GRPLTD,GRP Limited,GRPLTD
NSE: GSS,GSS Infotech Limited,GSS
NSE: GTLINFRA,GTL Infrastructure Limited,GTLINFRA
NSE: GTL,GTL Limited,GTL
NSE: GTNIND,GTN Industries Limited,GTNIND
NSE: GTNTEX,GTN Textiles Limited,GTNTEX
NSE: GTPL,GTPL Hathway Limited,GTPL
NSE: GUFICBIO,Gufic Biosciences Limited,GUFICBIO
NSE: GUJALKALI,Gujarat Alkalies and Chemicals Limited,GUJALKALI
NSE: GAEL,Gujarat Ambuja Exports Limited,GAEL
NSE: GUJAPOLLO,Gujarat Apollo Industries Limited,GUJAPOLLO
NSE: FLUOROCHEM,Gujarat Fluorochemicals Limited,FLUOROCHEM
NSE: GUJGASLTD,Gujarat Gas Limited,GUJGASLTD
NSE: GIPCL,Gujarat Industries Power Company Limited,GIPCL
NSE: GLFL,Gujarat Lease Financing Limited,GLFL
NSE: GMDCLTD,Gujarat Mineral Development Corporation Limited,GMDCLTD
NSE: GNFC,Gujarat Narmada Valley Fertilizers and Chemicals Limited,GNFC
NSE: GPPL,Gujarat Pipavav Port Limited,GPPL
NSE: GUJRAFFIA,Gujarat Raffia Industries Limited,GUJRAFFIA
NSE: GSCLCEMENT,Gujarat Sidhee Cement Limited,GSCLCEMENT
NSE: GSFC,Gujarat State Fertilizers & Chemicals Limited,GSFC
NSE: GSPL,Gujarat State Petronet Limited,GSPL
NSE: GULFOILLUB,Gulf Oil Lubricants India Limited,GULFOILLUB
NSE: GULPOLY,Gulshan Polyols Limited,GULPOLY
NSE: GVKPIL,GVK Power & Infrastructure Limited,GVKPIL
NSE: GAL,Gyscoal Alloys Limited,GAL
NSE: HGINFRA,H.G. Infra Engineering Limited,HGINFRA
NSE: HAPPSTMNDS,Happiest Minds Technologies Limited,HAPPSTMNDS
NSE: HARITASEAT,Harita Seating Systems Limited,HARITASEAT
NSE: HARRMALAYA,Harrisons Malayalam Limited,HARRMALAYA
NSE: HATHWAY,Hathway Cable & Datacom Limited,HATHWAY
NSE: HATSUN,Hatsun Agro Product Limited,HATSUN
NSE: HAVELLS,Havells India Limited,HAVELLS
NSE: HBSL,HB Stockholdings Limited,HBSL
NSE: HBLPOWER,HBL Power Systems Limited,HBLPOWER
NSE: HCL-INSYS,HCL Infosystems Limited,HCL-INSYS
NSE: HCLTECH,HCL Technologies Limited,HCLTECH
NSE: HDFCAMC,HDFC Asset Management Company Limited,HDFCAMC
NSE: HDFCBANK,HDFC Bank Limited,HDFCBANK
NSE: HDFCLIFE,HDFC Life Insurance Company Limited,HDFCLIFE
NSE: HCG,Healthcare Global Enterprises Limited,HCG
NSE: HECPROJECT,HEC Infra Projects Limited,HECPROJECT
NSE: HEG,HEG Limited,HEG
NSE: HEIDELBERG,HeidelbergCement India Limited,HEIDELBERG
NSE: HERANBA,Heranba Industries Limited,HERANBA
NSE: HERCULES,Hercules Hoists Limited,HERCULES
NSE: HERITGFOOD,Heritage Foods Limited,HERITGFOOD
NSE: HEROMOTOCO,Hero MotoCorp Limited,HEROMOTOCO
NSE: HESTERBIO,Hester Biosciences Limited,HESTERBIO
NSE: HEXATRADEX,Hexa Tradex Limited,HEXATRADEX
NSE: HEXAWARE,Hexaware Technologies Limited,HEXAWARE
NSE: HFCL,HFCL Limited,HFCL
NSE: HIKAL,Hikal Limited,HIKAL
NSE: HIL,HIL Limited,HIL
NSE: HILTON,Hilton Metal Forging Limited,HILTON
NSE: HSCL,Himadri Speciality Chemical Limited,HSCL
NSE: HIMATSEIDE,Himatsingka Seide Limited,HIMATSEIDE
NSE: HIRECT,Hind Rectifiers Limited,HIRECT
NSE: HINDALCO,Hindalco Industries Limited,HINDALCO
NSE: HINDCON,Hindcon Chemicals Limited,HINDCON
NSE: HPIL,Hindprakash Industries Limited,HPIL
NSE: HGS,Hinduja Global Solutions Limited,HGS
NSE: HAL,Hindustan Aeronautics Limited,HAL
NSE: HINDCOMPOS,Hindustan Composites Limited,HINDCOMPOS
NSE: HCC,Hindustan Construction Company Limited,HCC
NSE: HINDCOPPER,Hindustan Copper Limited,HINDCOPPER
NSE: HMVL,Hindustan Media Ventures Limited,HMVL
NSE: HINDMOTORS,Hindustan Motors Limited,HINDMOTORS
NSE: HINDOILEXP,Hindustan Oil Exploration Company Limited,HINDOILEXP
NSE: HINDPETRO,Hindustan Petroleum Corporation Limited,HINDPETRO
NSE: HINDUNILVR,Hindustan Unilever Limited,HINDUNILVR
NSE: HINDZINC,Hindustan Zinc Limited,HINDZINC
NSE: HINDNATGLS,Hindustan National Glass & Industries Limited,HINDNATGLS
NSE: HISARMETAL,Hisar Metal Industries Limited,HISARMETAL
NSE: HITECHCORP,Hitech Corporation Limited,HITECHCORP
NSE: HITECH,Hi-Tech Pipes Limited,HITECH
NSE: HLVLTD,HLV Limited,HLVLTD
NSE: HMT,HMT Limited,HMT
NSE: HONDAPOWER,Honda Siel Power Products Limited,HONDAPOWER
NSE: HONAUT,Honeywell Automation India Limited,HONAUT
NSE: HOTELRUGBY,Hotel Rugby Limited,HOTELRUGBY
NSE: HUDCO,Housing & Urban Development Corporation Limited,HUDCO
NSE: HDIL,Housing Development and Infrastructure Limited,HDIL
NSE: HDFC,Housing Development Finance Corporation Limited,HDFC
NSE: HOVS,HOV Services Limited,HOVS
NSE: HPL,HPL Electric & Power Limited,HPL
NSE: HSIL,HSIL Limited,HSIL
NSE: HTMEDIA,HT Media Limited,HTMEDIA
NSE: HUBTOWN,Hubtown Limited,HUBTOWN
NSE: PAPERPROD,Huhtamaki PPL Limited,PAPERPROD
NSE: HUSYSLTD,Husys Consulting Limited,HUSYSLTD
NSE: ICEMAKE,Ice Make Refrigeration Limited,ICEMAKE
NSE: ICICIBANK,ICICI Bank Limited,ICICIBANK
NSE: ICICIGI,ICICI Lombard General Insurance Company Limited,ICICIGI
NSE: ICICIPRULI,ICICI Prudential Life Insurance Company Limited,ICICIPRULI
NSE: ISEC,ICICI Securities Limited,ISEC
NSE: ICRA,ICRA Limited,ICRA
NSE: IDBI,IDBI Bank Limited,IDBI
NSE: IDFCFIRSTB,IDFC First Bank Limited,IDFCFIRSTB
NSE: IDFC,IDFC Limited,IDFC
NSE: IFBAGRO,IFB Agro Industries Limited,IFBAGRO
NSE: IFBIND,IFB Industries Limited,IFBIND
NSE: IFCI,IFCI Limited,IFCI
NSE: IFGLEXPOR,IFGL Refractories Limited,IFGLEXPOR
NSE: IGPL,IG Petrochemicals Limited,IGPL
NSE: IGARASHI,Igarashi Motors India Limited,IGARASHI
NSE: IIFL,IIFL Finance Limited,IIFL
NSE: IIFLSEC,IIFL Securities Limited,IIFLSEC
NSE: IIFLWAM,IIFL Wealth Management Limited,IIFLWAM
NSE: IL&FSENGG,IL&FS Engineering and Construction Company Limited,IL&FSENGG
NSE: IVC,IL&FS Investment Managers Limited,IVC
NSE: IL&FSTRANS,IL&FS Transportation Networks Limited,IL&FSTRANS
NSE: INDLMETER,IMP Powers Limited,INDLMETER
NSE: IMPEXFERRO,Impex Ferro Tech Limited,IMPEXFERRO
NSE: INDBANK,Indbank Merchant Banking Services Limited,INDBANK
NSE: INDIAGLYCO,India Glycols Limited,INDIAGLYCO
NSE: IMPAL,India Motor Parts and Accessories Limited,IMPAL
NSE: INDNIPPON,India Nippon Electricals Limited,INDNIPPON
NSE: ITDC,India Tourism Development Corporation Limited,ITDC
NSE: IBULHSGFIN,Indiabulls Housing Finance Limited,IBULHSGFIN
NSE: IBULISL,Indiabulls Integrated Services Limited,IBULISL
NSE: IBREALEST,Indiabulls Real Estate Limited,IBREALEST
NSE: IBVENTURES,Indiabulls Ventures Limited,IBVENTURES
NSE: INDIAMART,Indiamart Intermesh Limited,INDIAMART
NSE: INDIANB,Indian Bank,INDIANB
NSE: INDIANCARD,Indian Card Clothing Company Limited,INDIANCARD
NSE: IEX,Indian Energy Exchange Limited,IEX
NSE: INDIANHUME,Indian Hume Pipe Company Limited,INDIANHUME
NSE: IMFA,Indian Metals & Ferro Alloys Limited,IMFA
NSE: IOC,Indian Oil Corporation Limited,IOC
NSE: IOB,Indian Overseas Bank,IOB
NSE: IRCTC,Indian Railway Catering and Tourism Corporation Limited,IRCTC
NSE: INDTERRAIN,Indian Terrain Fashions Limited,INDTERRAIN
NSE: ICIL,Indo Count Industries Limited,ICIL
NSE: INDORAMA,Indo Rama Synthetics (India) Limited,INDORAMA
NSE: INDOTECH,Indo Tech Transformers Limited,INDOTECH
NSE: INDOTHAI,Indo Thai Securities Limited,INDOTHAI
NSE: INDOCO,Indoco Remedies Limited,INDOCO
NSE: NIPPOBATRY,Indo-National Limited,NIPPOBATRY
NSE: INDOSOLAR,Indosolar Limited,INDOSOLAR
NSE: INDOSTAR,IndoStar Capital Finance Limited,INDOSTAR
NSE: INDOWIND,Indowind Energy Limited,INDOWIND
NSE: IGL,Indraprastha Gas Limited,IGL
NSE: INDRAMEDCO,Indraprastha Medical Corporation Limited,INDRAMEDCO
NSE: INDSWFTLAB,Ind-Swift Laboratories Limited,INDSWFTLAB
NSE: INDSWFTLTD,Ind-Swift Limited,INDSWFTLTD
NSE: INDUSINDBK,IndusInd Bank Limited,INDUSINDBK
NSE: IITL,Industrial Investment Trust Limited,IITL
NSE: INEOSSTYRO,INEOS Styrolution India Limited,INEOSSTYRO
NSE: INFIBEAM,Infibeam Avenues Limited,INFIBEAM
NSE: NAUKRI,Info Edge (India) Limited,NAUKRI
NSE: INFOBEAN,InfoBeans Technologies Limited,INFOBEAN
NSE: INFOMEDIA,Infomedia Press Limited,INFOMEDIA
NSE: INFY,Infosys Limited,INFY
NSE: INGERRAND,Ingersoll Rand (India) Limited,INGERRAND
NSE: INNOVANA,Innovana Thinklabs Limited,INNOVANA
NSE: INNOVATIVE,Innovative Tyres and Tubes Limited,INNOVATIVE
NSE: INOXLEISUR,INOX Leisure Limited,INOXLEISUR
NSE: INOXWIND,Inox Wind Limited,INOXWIND
NSE: INSECTICID,Insecticides (India) Limited,INSECTICID
NSE: INSPIRISYS,Inspirisys Solutions Limited,INSPIRISYS
NSE: INTEGRA,Integra Garments and Textiles Limited,INTEGRA
NSE: INTELLECT,Intellect Design Arena Limited,INTELLECT
NSE: INTENTECH,Intense Technologies Limited,INTENTECH
NSE: INDIGO,InterGlobe Aviation Limited,INDIGO
NSE: SUBCAPCITY,International Constructions Limited,SUBCAPCITY
NSE: ISFT,Intrasoft Technologies Limited,ISFT
NSE: INVENTURE,Inventure Growth & Securities Limited,INVENTURE
NSE: IOLCP,IOL Chemicals and Pharmaceuticals Limited,IOLCP
NSE: IPCALAB,IPCA Laboratories Limited,IPCALAB
NSE: IRB,IRB Infrastructure Developers Limited,IRB
NSE: IRCON,Ircon International Limited,IRCON
NSE: IRISDOREME,Iris Clothings Limited,IRISDOREME
NSE: ISMTLTD,ISMT Limited,ISMTLTD
NSE: ITC,ITC Limited,ITC
NSE: ITDCEM,ITD Cementation India Limited,ITDCEM
NSE: ITI,ITI Limited,ITI
NSE: IVP,IVP Limited,IVP
NSE: IZMO,IZMO Limited,IZMO
NSE: JKIL,J.Kumar Infraprojects Limited,JKIL
NSE: JAGRAN,Jagran Prakashan Limited,JAGRAN
NSE: JAGSNPHARM,Jagsonpal Pharmaceuticals Limited,JAGSNPHARM
NSE: JAIBALAJI,Jai Balaji Industries Limited,JAIBALAJI
NSE: JAICORPLTD,Jai Corp Limited,JAICORPLTD
NSE: JAIHINDPRO,Jaihind Projects Limited,JAIHINDPRO
NSE: JISLJALEQS,Jain Irrigation Systems Limited,JISLJALEQS
NSE: JAINSTUDIO,Jain Studios Limited,JAINSTUDIO
NSE: JPASSOCIAT,Jaiprakash Associates Limited,JPASSOCIAT
NSE: JPPOWER,Jaiprakash Power Ventures Limited,JPPOWER
NSE: JAKHARIA,Jakharia Fabric Limited,JAKHARIA
NSE: JALAN,Jalan Transolutions (India) Limited,JALAN
NSE: JAMNAAUTO,Jamna Auto Industries Limited,JAMNAAUTO
NSE: JASH,Jash Engineering Limited,JASH
NSE: JAYBARMARU,Jay Bharat Maruti Limited,JAYBARMARU
NSE: JAYAGROGN,Jayant Agro Organics Limited,JAYAGROGN
NSE: JAYNECOIND,Jayaswal Neco Industries Limited,JAYNECOIND
NSE: JPINFRATEC,Jaypee Infratech Limited,JPINFRATEC
NSE: JAYSREETEA,Jayshree Tea & Industries Limited,JAYSREETEA
NSE: JBCHEPHARM,JB Chemicals & Pharmaceuticals Limited,JBCHEPHARM
NSE: JBFIND,JBF Industries Limited,JBFIND
NSE: JBMA,JBM Auto Limited,JBMA
NSE: JETAIRWAYS,Jet Airways (India) Limited,JETAIRWAYS
NSE: JETFREIGHT,Jet Freight Logistics Limited,JETFREIGHT
NSE: JETKNIT,Jet Knitwears Limited,JETKNIT
NSE: JHS,JHS Svendgaard Laboratories Limited,JHS
NSE: JIKIND,JIK Industries Limited,JIKIND
NSE: JINDRILL,Jindal Drilling And Industries Limited,JINDRILL
NSE: JINDALPHOT,Jindal Photo Limited,JINDALPHOT
NSE: JINDALPOLY,Jindal Poly Films Limited,JINDALPOLY
NSE: JPOLYINVST,Jindal Poly Investment and Finance Company Limited,JPOLYINVST
NSE: JINDALSAW,Jindal Saw Limited,JINDALSAW
NSE: JSLHISAR,Jindal Stainless (Hisar) Limited,JSLHISAR
NSE: JSL,Jindal Stainless Limited,JSL
NSE: JINDALSTEL,Jindal Steel & Power Limited,JINDALSTEL
NSE: JINDWORLD,Jindal Worldwide Limited,JINDWORLD
NSE: JITFINFRA,JITF Infralogistics Limited,JITFINFRA
NSE: JKCEMENT,JK Cement Limited,JKCEMENT
NSE: JKLAKSHMI,JK Lakshmi Cement Limited,JKLAKSHMI
NSE: JKPAPER,JK Paper Limited,JKPAPER
NSE: JKTYRE,JK Tyre & Industries Limited,JKTYRE
NSE: JMFINANCIL,JM Financial Limited,JMFINANCIL
NSE: JMCPROJECT,JMC Projects (India) Limited,JMCPROJECT
NSE: JMTAUTOLTD,JMT Auto Limited,JMTAUTOLTD
NSE: JOCIL,Jocil Limited,JOCIL
NSE: JCHAC,Johnson Controls – Hitachi Air Conditioning India Limited,JCHAC
NSE: JSWENERGY,JSW Energy Limited,JSWENERGY
NSE: JSWHL,JSW Holdings Limited,JSWHL
NSE: JSWSTEEL,JSW Steel Limited,JSWSTEEL
NSE: JTEKTINDIA,Jtekt India Limited,JTEKTINDIA
NSE: JUBLFOOD,Jubilant Foodworks Limited,JUBLFOOD
NSE: JUBLINDS,Jubilant Industries Limited,JUBLINDS
NSE: JUBILANT,Jubilant Life Sciences Limited,JUBILANT
NSE: JMA,Jullundur Motor Agency (Delhi) Limited,JMA
NSE: JUSTDIAL,Just Dial Limited,JUSTDIAL
NSE: JVLAGRO,JVL Agro Industries Limited,JVLAGRO
NSE: JYOTHYLAB,Jyothy Labs Limited,JYOTHYLAB
NSE: JYOTISTRUC,Jyoti Structures Limited,JYOTISTRUC
NSE: KMSUGAR,K.M.Sugar Mills Limited,KMSUGAR
NSE: KPRMILL,K.P.R. Mill Limited,KPRMILL
NSE: KABRAEXTRU,Kabra Extrusion Technik Limited,KABRAEXTRU
NSE: KAJARIACER,Kajaria Ceramics Limited,KAJARIACER
NSE: KAKATCEM,Kakatiya Cement Sugar & Industries Limited,KAKATCEM
NSE: KALPATPOWR,Kalpataru Power Transmission Limited,KALPATPOWR
NSE: KALYANI,Kalyani Commercials Limited,KALYANI
NSE: KALYANIFRG,Kalyani Forge Limited,KALYANIFRG
NSE: KICL,Kalyani Investment Company Limited,KICL
NSE: KSL,Kalyani Steels Limited,KSL
NSE: KAMATHOTEL,Kamat Hotels (I) Limited,KAMATHOTEL
NSE: KAMDHENU,Kamdhenu Limited,KAMDHENU
NSE: KANANIIND,Kanani Industries Limited,KANANIIND
NSE: KANORICHEM,Kanoria Chemicals & Industries Limited,KANORICHEM
NSE: KANSAINER,Kansai Nerolac Paints Limited,KANSAINER
NSE: KAPSTON,Kapston Facilities Management Limited,KAPSTON
NSE: KARDA,Karda Constructions Limited,KARDA
NSE: KARMAENG,Karma Energy Limited,KARMAENG
NSE: KARURVYSYA,Karur Vysya Bank Limited,KARURVYSYA
NSE: KGL,Karuturi Global Limited,KGL
NSE: KAUSHALYA,Kaushalya Infrastructure Development Corporation Limited,KAUSHALYA
NSE: KSCL,Kaveri Seed Company Limited,KSCL
NSE: KAYA,Kaya Limited,KAYA
NSE: KCP,KCP Limited,KCP
NSE: KCPSUGIND,KCP Sugar and Industries Corporation Limited,KCPSUGIND
NSE: KDDL,KDDL Limited,KDDL
NSE: KEC,KEC International Limited,KEC
NSE: KEERTI,Keerti Knowledge and Skills Limited,KEERTI
NSE: KEI,KEI Industries Limited,KEI
NSE: KELLTONTEC,Kellton Tech Solutions Limited,KELLTONTEC
NSE: KERNEX,Kernex Microsystems (India) Limited,KERNEX
NSE: KESORAMIND,Kesoram Industries Limited,KESORAMIND
NSE: KKCL,Kewal Kiran Clothing Limited,KKCL
NSE: KEYFINSERV,Keynote Financial Services Limited,KEYFINSERV
NSE: KHADIM,Khadim India Limited,KHADIM
NSE: KHANDSE,Khandwala Securities Limited,KHANDSE
NSE: KHFM,Khfm Hospitality And Facility Management Services Limited,KHFM
NSE: KILITCH,Kilitch Drugs (India) Limited,KILITCH
NSE: KINGFA,Kingfa Science & Technology (India) Limited,KINGFA
NSE: KIOCL,KIOCL Limited,KIOCL
NSE: KIRIINDUS,Kiri Industries Limited,KIRIINDUS
NSE: KIRLOSBROS,Kirloskar Brothers Limited,KIRLOSBROS
NSE: KECL,Kirloskar Electric Company Limited,KECL
NSE: KIRLOSIND,Kirloskar Industries Limited,KIRLOSIND
NSE: KIRLOSENG,Kirloskar Oil Engines Limited,KIRLOSENG
NSE: KITEX,Kitex Garments Limited,KITEX
NSE: KKVAPOW,KKV Agro Powers Limited,KKVAPOW
NSE: KNRCON,KNR Constructions Limited,KNRCON
NSE: KOHINOOR,Kohinoor Foods Limited,KOHINOOR
NSE: KOKUYOCMLN,Kokuyo Camlin Limited,KOKUYOCMLN
NSE: KOLTEPATIL,Kolte – Patil Developers Limited,KOLTEPATIL
NSE: KOPRAN,Kopran Limited,KOPRAN
NSE: KOTAKBANK,Kotak Mahindra Bank Limited,KOTAKBANK
NSE: KOTHARIPET,Kothari Petrochemicals Limited,KOTHARIPET
NSE: KOTHARIPRO,Kothari Products Limited,KOTHARIPRO
NSE: KOTARISUG,Kothari Sugars And Chemicals Limited,KOTARISUG
NSE: KPITTECH,KPIT Technologies Limited,KPITTECH
NSE: KRBL,KRBL Limited,KRBL
NSE: KREBSBIO,Krebs Biochemicals and Industries Limited,KREBSBIO
NSE: KRIDHANINF,Kridhan Infra Limited,KRIDHANINF
NSE: KRISHANA,Krishana Phoschem Limited,KRISHANA
NSE: KRITIKA,Kritika Wires Limited,KRITIKA
NSE: KSB,Ksb Limited,KSB
NSE: KSHITIJPOL,Kshitij Polyline Limited,KSHITIJPOL
NSE: KSK,KSK Energy Ventures Limited,KSK
NSE: KSERASERA,KSS Limited,KSERASERA
NSE: KUANTUM,Kuantum Papers Limited,KUANTUM
NSE: KWALITY,Kwality Limited,KWALITY
NSE: L&TFH,L&T Finance Holdings Limited,L&TFH
NSE: LTTS,L&T Technology Services Limited,LTTS
NSE: LAOPALA,La Opala RG Limited,LAOPALA
NSE: LAGNAM,Lagnam Spintex Limited,LAGNAM
NSE: LFIC,Lakshmi Finance & Industrial Corporation Limited,LFIC
NSE: LAXMIMACH,Lakshmi Machine Works Limited,LAXMIMACH
NSE: LAKPRE,Lakshmi Precision Screws Limited,LAKPRE
NSE: LAKSHVILAS,Lakshmi Vilas Bank Limited,LAKSHVILAS
NSE: LAMBODHARA,Lambodhara Textiles Limited,LAMBODHARA
NSE: LPDC,Landmark Property Development Company Limited,LPDC
NSE: LTI,Larsen & Toubro Infotech Limited,LTI
NSE: LT,Larsen & Toubro Limited,LT
NSE: LASA,Lasa Supergenerics Limited,LASA
NSE: LATTEYS,Latteys Industries Limited,LATTEYS
NSE: LAURUSLABS,Laurus Labs Limited,LAURUSLABS
NSE: LAXMICOT,Laxmi Cotspin Limited,LAXMICOT
NSE: LEMONTREE,Lemon Tree Hotels Limited,LEMONTREE
NSE: LEXUS,Lexus Granito (India) Limited,LEXUS
NSE: LGBBROSLTD,LG Balakrishnan & Bros Limited,LGBBROSLTD
NSE: LGBFORGE,LGB Forge Limited,LGBFORGE
NSE: LIBAS,Libas Designs Limited,LIBAS
NSE: LIBERTSHOE,Liberty Shoes Limited,LIBERTSHOE
NSE: LICHSGFIN,LIC Housing Finance Limited,LICHSGFIN
NSE: LIKHITHA,Likhitha Infrastructure Limited,LIKHITHA
NSE: LINCPEN,Linc Pen & Plastics Limited,LINCPEN
NSE: LINCOLN,Lincoln Pharmaceuticals Limited,LINCOLN
NSE: LINDEINDIA,Linde India Limited,LINDEINDIA
NSE: LSIL,Lloyds Steels Industries Limited,LSIL
NSE: LOKESHMACH,Lokesh Machines Limited,LOKESHMACH
NSE: LOTUSEYE,Lotus Eye Hospital and Institute Limited,LOTUSEYE
NSE: LOVABLE,Lovable Lingerie Limited,LOVABLE
NSE: DAAWAT,LT Foods Limited,DAAWAT
NSE: LUMAXTECH,Lumax Auto Technologies Limited,LUMAXTECH
NSE: LUMAXIND,Lumax Industries Limited,LUMAXIND
NSE: LUPIN,Lupin Limited,LUPIN
NSE: LUXIND,Lux Industries Limited,LUXIND
NSE: LYKALABS,Lyka Labs Limited,LYKALABS
NSE: LYPSAGEMS,Lypsa Gems & Jewellery Limited,LYPSAGEMS
NSE: MKPL,M K Proteins Limited,MKPL
NSE: MRO,M.R. Organisation Limited,MRO
NSE: MAANALU,Maan Aluminium Limited,MAANALU
NSE: MACPOWER,Macpower CNC Machines Limited,MACPOWER
NSE: MCL,Madhav Copper Limited,MCL
NSE: MADHAV,Madhav Marbles and Granites Limited,MADHAV
NSE: MADHUCON,Madhucon Projects Limited,MADHUCON
NSE: MBAPL,Madhya Bharat Agro Products Limited,MBAPL
NSE: MPTODAY,Madhya Pradesh Today Media Limited,MPTODAY
NSE: MADRASFERT,Madras Fertilizers Limited,MADRASFERT
NSE: MAGADSUGAR,Magadh Sugar & Energy Limited,MAGADSUGAR
NSE: MAGMA,Magma Fincorp Limited,MAGMA
NSE: MAGNUM,Magnum Ventures Limited,MAGNUM
NSE: MAHAPEXLTD,Maha Rashtra Apex Corporation Limited,MAHAPEXLTD
NSE: MAHASTEEL,Mahamaya Steel Industries Limited,MAHASTEEL
NSE: MGL,Mahanagar Gas Limited,MGL
NSE: MTNL,Mahanagar Telephone Nigam Limited,MTNL
NSE: MAHSCOOTER,Maharashtra Scooters Limited,MAHSCOOTER
NSE: MAHSEAMLES,Maharashtra Seamless Limited,MAHSEAMLES
NSE: MAHESHWARI,Maheshwari Logistics Limited,MAHESHWARI
NSE: MAHICKRA,Mahickra Chemicals Limited,MAHICKRA
NSE: M&MFIN,Mahindra & Mahindra Financial Services Limited,M&MFIN
NSE: M&M,Mahindra & Mahindra Limited,M&M
NSE: MAHINDCIE,Mahindra CIE Automotive Limited,MAHINDCIE
NSE: MAHEPC,Mahindra EPC Irrigation Limited,MAHEPC
NSE: MHRIL,Mahindra Holidays & Resorts India Limited,MHRIL
NSE: MAHLIFE,Mahindra Lifespace Developers Limited,MAHLIFE
NSE: MAHLOG,Mahindra Logistics Limited,MAHLOG
NSE: MAITHANALL,Maithan Alloys Limited,MAITHANALL
NSE: MAJESCO,Majesco Limited,MAJESCO
NSE: MALUPAPER,Malu Paper Mills Limited,MALUPAPER
NSE: MANINDS,Man Industries (India) Limited,MANINDS
NSE: MANINFRA,Man Infraconstruction Limited,MANINFRA
NSE: MANAKALUCO,Manaksia Aluminium Company Limited,MANAKALUCO
NSE: MANAKCOAT,Manaksia Coated Metals & Industries Limited,MANAKCOAT
NSE: MANAKSIA,Manaksia Limited,MANAKSIA
NSE: MANAKSTEEL,Manaksia Steels Limited,MANAKSTEEL
NSE: MANALIPETC,Manali Petrochemicals Limited,MANALIPETC
NSE: MANAPPURAM,Manappuram Finance Limited,MANAPPURAM
NSE: MANAV,Manav Infra Projects Limited,MANAV
NSE: MANGLMCEM,Mangalam Cement Limited,MANGLMCEM
NSE: MANGALAM,Mangalam Drugs And Organics Limited,MANGALAM
NSE: MGEL,Mangalam Global Enterprise Limited,MGEL
NSE: MANGTIMBER,Mangalam Timber Products Limited,MANGTIMBER
NSE: MANGCHEFER,Mangalore Chemicals & Fertilizers Limited,MANGCHEFER
NSE: MRPL,Mangalore Refinery and Petrochemicals Limited,MRPL
NSE: MANUGRAPH,Manugraph India Limited,MANUGRAPH
NSE: MARALOVER,Maral Overseas Limited,MARALOVER
NSE: MARATHON,Marathon Nextgen Realty Limited,MARATHON
NSE: MARICO,Marico Limited,MARICO
NSE: MARINE,Marine Electricals (India) Limited,MARINE
NSE: MARKSANS,Marksans Pharma Limited,MARKSANS
NSE: MARSHALL,Marshall Machines Limited,MARSHALL
NSE: MARUTI,Maruti Suzuki India Limited,MARUTI
NSE: MDL,Marvel Decor Limited,MDL
NSE: MASFIN,MAS Financial Services Limited,MASFIN
NSE: MASKINVEST,Mask Investments Limited,MASKINVEST
NSE: MASTEK,Mastek Limited,MASTEK
NSE: MATRIMONY,Matrimony.com Limited,MATRIMONY
NSE: MAWANASUG,Mawana Sugars Limited,MAWANASUG
NSE: MFSL,Max Financial Services Limited,MFSL
NSE: MAXHEALTH,Max Healthcare Institute Limited,MAXHEALTH
NSE: MAXINDIA,Max India Limited,MAXINDIA
NSE: MAXVIL,Max Ventures and Industries Limited,MAXVIL
NSE: MAYURUNIQ,Mayur Uniquoters Ltd,MAYURUNIQ
NSE: MAZDOCK,Mazagon Dock Shipbuilders Limited,MAZDOCK
NSE: MAZDA,Mazda Limited,MAZDA
NSE: MBLINFRA,MBL Infrastructures Limited,MBLINFRA
NSE: MCDHOLDING,McDowell Holdings Limited,MCDHOLDING
NSE: MCLEODRUSS,Mcleod Russel India Limited,MCLEODRUSS
NSE: MBECL,Mcnally Bharat Engineering Company Limited,MBECL
NSE: MEGASOFT,Megasoft Limited,MEGASOFT
NSE: MEGH,Meghmani Organics Limited,MEGH
NSE: MELSTAR,Melstar Information Technologies Limited,MELSTAR
NSE: MENONBE,Menon Bearings Limited,MENONBE
NSE: MEP,MEP Infrastructure Developers Limited,MEP
NSE: MERCATOR,Mercator Limited,MERCATOR
NSE: METALFORGE,Metalyst Forgings Limited,METALFORGE
NSE: METKORE,Metkore Alloys & Industries Limited,METKORE
NSE: METROPOLIS,Metropolis Healthcare Limited,METROPOLIS
NSE: MIC,MIC Electronics Limited,MIC
NSE: MMNL,MIG Media Neurons Limited,MMNL
NSE: MILTON,Milton Industries Limited,MILTON
NSE: MINDACORP,Minda Corporation Limited,MINDACORP
NSE: MINDAIND,Minda Industries Limited,MINDAIND
NSE: MINDPOOL,Mindpool Technologies Limited,MINDPOOL
NSE: MINDTECK,Mindteck (India) Limited,MINDTECK
NSE: MINDTREE,MindTree Limited,MINDTREE
NSE: MIRCELECTR,MIRC Electronics Limited,MIRCELECTR
NSE: MIRZAINT,Mirza International Limited,MIRZAINT
NSE: MIDHANI,Mishra Dhatu Nigam Limited,MIDHANI
NSE: MITCON,MITCON Consultancy & Engineering Services Limited,MITCON
NSE: MITTAL,Mittal Life Style Limited,MITTAL
NSE: MMFL,MM Forgings Limited,MMFL
NSE: MMP,MMP Industries Limited,MMP
NSE: MMTC,MMTC Limited,MMTC
NSE: MODIRUBBER,Modi Rubber Limited,MODIRUBBER
NSE: MHHL,Mohini Health & Hygiene Limited,MHHL
NSE: MOHITIND,Mohit Industries Limited,MOHITIND
NSE: MOHOTAIND,Mohota Industries Limited,MOHOTAIND
NSE: MOIL,MOIL Limited,MOIL
NSE: MOKSH,Moksh Ornaments Limited,MOKSH
NSE: MOLDTKPAC,Mold-Tek Packaging Limited,MOLDTKPAC
NSE: MOLDTECH,Mold-Tek Technologies Limited,MOLDTECH
NSE: AIONJSW,Monnet Ispat & Energy Limited,AIONJSW
NSE: MONTECARLO,Monte Carlo Fashions Limited,MONTECARLO
NSE: MORARJEE,Morarjee Textiles Limited,MORARJEE
NSE: MOREPENLAB,Morepen Laboratories Limited,MOREPENLAB
NSE: MOTHERSUMI,Motherson Sumi Systems Limited,MOTHERSUMI
NSE: MOTILALOFS,Motilal Oswal Financial Services Limited,MOTILALOFS
NSE: MPHASIS,MphasiS Limited,MPHASIS
NSE: MPSLTD,MPS Limited,MPSLTD
NSE: MRF,MRF Limited,MRF
NSE: MRO-TEK,MRO-TEK Realty Limited,MRO-TEK
NSE: MSPL,MSP Steel & Power Limited,MSPL
NSE: MSTCLTD,MSTC Limited,MSTCLTD
NSE: MTEDUCARE,MT Educare Limited,MTEDUCARE
NSE: MUKANDENGG,Mukand Engineers Limited,MUKANDENGG
NSE: MUKANDLTD,Mukand Limited,MUKANDLTD
NSE: MUKTAARTS,Mukta Arts Limited,MUKTAARTS
NSE: MUNJALAU,Munjal Auto Industries Limited,MUNJALAU
NSE: MUNJALSHOW,Munjal Showa Limited,MUNJALSHOW
NSE: MURUDCERA,Murudeshwar Ceramics Limited,MURUDCERA
NSE: RADIOCITY,Music Broadcast Limited,RADIOCITY
NSE: MUTHOOTCAP,Muthoot Capital Services Limited,MUTHOOTCAP
NSE: MUTHOOTFIN,Muthoot Finance Limited,MUTHOOTFIN
NSE: NRAIL,N R Agarwal Industries Limited,NRAIL
NSE: NBIFIN,N. B. I. Industrial Finance Company Limited,NBIFIN
NSE: NACLIND,NACL Industries Limited,NACLIND
NSE: NDGL,Naga Dhunseri Group Limited,NDGL
NSE: NAGAFERT,Nagarjuna Fertilizers and Chemicals Limited,NAGAFERT
NSE: NAGREEKCAP,Nagreeka Capital & Infrastructure Limited,NAGREEKCAP
NSE: NAGREEKEXP,Nagreeka Exports Limited,NAGREEKEXP
NSE: NAHARCAP,Nahar Capital and Financial Services Limited,NAHARCAP
NSE: NAHARINDUS,Nahar Industrial Enterprises Limited,NAHARINDUS
NSE: NAHARPOLY,Nahar Poly Films Limited,NAHARPOLY
NSE: NAHARSPING,Nahar Spinning Mills Limited,NAHARSPING
NSE: NSIL,Nalwa Sons Investments Limited,NSIL
NSE: NDL,Nandan Denim Limited,NDL
NSE: NANDANI,Nandani Creation Limited,NANDANI
NSE: NH,Narayana Hrudayalaya Ltd.,NH
NSE: NARMADA,Narmada Agrobase Limited,NARMADA
NSE: NATCOPHARM,Natco Pharma Limited,NATCOPHARM
NSE: NATHBIOGEN,Nath Bio-Genes (India) Limited,NATHBIOGEN
NSE: NATIONALUM,National Aluminium Company Limited,NATIONALUM
NSE: NFL,National Fertilizers Limited,NFL
NSE: NATNLSTEEL,National Steel And Agro Industries Limited,NATNLSTEEL
NSE: NBVENTURES,Nava Bharat Ventures Limited,NBVENTURES
NSE: NAVINFLUOR,Navin Fluorine International Limited,NAVINFLUOR
NSE: NAVKARCORP,Navkar Corporation Limited,NAVKARCORP
NSE: NAVNETEDUL,Navneet Education Limited,NAVNETEDUL
NSE: NBCC,NBCC (India) Limited,NBCC
NSE: NCC,NCC Limited,NCC
NSE: NCLIND,NCL Industries Limited,NCLIND
NSE: NECLIFE,Nectar Lifesciences Limited,NECLIFE
NSE: NELCAST,Nelcast Limited,NELCAST
NSE: NELCO,NELCO Limited,NELCO
NSE: NEOGEN,Neogen Chemicals Limited,NEOGEN
NSE: NESCO,Nesco Limited,NESCO
NSE: NETWORK18,Network18 Media & Investments Limited,NETWORK18
NSE: NTL,Neueon Towers Limited,NTL
NSE: NEULANDLAB,Neuland Laboratories Limited,NEULANDLAB
NSE: NDTV,New Delhi Television Limited,NDTV
NSE: NEWGEN,Newgen Software Technologies Limited,NEWGEN
NSE: NEXTMEDIA,Next Mediaworks Limited,NEXTMEDIA
NSE: NHPC,NHPC Limited,NHPC
NSE: NIITLTD,NIIT Limited,NIITLTD
NSE: NILAINFRA,Nila Infrastructures Limited,NILAINFRA
NSE: NILASPACES,Nila Spaces Limited,NILASPACES
NSE: NILKAMAL,Nilkamal Limited,NILKAMAL
NSE: NAM-INDIA,Nippon Life India Asset Management Limited,NAM-INDIA
NSE: NIRAJISPAT,Niraj Ispat Industries Limited,NIRAJISPAT
NSE: NITCO,Nitco Limited,NITCO
NSE: NITINFIRE,Nitin Fire Protection Industries Limited,NITINFIRE
NSE: NITINSPIN,Nitin Spinners Limited,NITINSPIN
NSE: NITIRAJ,Nitiraj Engineers Limited,NITIRAJ
NSE: NKIND,NK Industries Limited,NKIND
NSE: NLCINDIA,NLC India Limited,NLCINDIA
NSE: NMDC,NMDC Limited,NMDC
NSE: NOCIL,NOCIL Limited,NOCIL
NSE: NOIDATOLL,Noida Toll Bridge Company Limited,NOIDATOLL
NSE: NORBTEAEXP,Norben Tea & Exports Limited,NORBTEAEXP
NSE: NECCLTD,North Eastern Carrying Corporation Limited,NECCLTD
NSE: NRBBEARING,NRB Bearing Limited,NRBBEARING
NSE: NIBL,NRB Industrial Bearings Limited,NIBL
NSE: NTPC,NTPC Limited,NTPC
NSE: NUCLEUS,Nucleus Software Exports Limited,NUCLEUS
NSE: NXTDIGITAL,NXTDigital Limited,NXTDIGITAL
NSE: OBEROIRLTY,Oberoi Realty Limited,OBEROIRLTY
NSE: OISL,OCL Iron and Steel Limited,OISL
NSE: ONGC,Oil & Natural Gas Corporation Limited,ONGC
NSE: OILCOUNTUB,Oil Country Tubular Limited,OILCOUNTUB
NSE: OIL,Oil India Limited,OIL
NSE: OLECTRA,Olectra Greentech Limited,OLECTRA
NSE: OMMETALS,OM Metals Infraprojects Limited,OMMETALS
NSE: OMAXAUTO,Omax Autos Limited,OMAXAUTO
NSE: OMAXE,Omaxe Limited,OMAXE
NSE: OMFURN,Omfurn India Limited,OMFURN
NSE: OMKARCHEM,Omkar Speciality Chemicals Limited,OMKARCHEM
NSE: ONEPOINT,One Point One Solutions Limited,ONEPOINT
NSE: ONELIFECAP,Onelife Capital Advisors Limited,ONELIFECAP
NSE: ONMOBILE,OnMobile Global Limited,ONMOBILE
NSE: ONWARDTEC,Onward Technologies Limited,ONWARDTEC
NSE: OPAL,Opal Luxury Time Products Limited,OPAL
NSE: OPTIEMUS,Optiemus Infracom Limited,OPTIEMUS
NSE: OPTOCIRCUI,Opto Circuits (India) Limited,OPTOCIRCUI
NSE: OFSS,Oracle Financial Services Software Limited,OFSS
NSE: ORBTEXP,Orbit Exports Limited,ORBTEXP
NSE: ORCHIDPHAR,Orchid Pharma Limited,ORCHIDPHAR
NSE: ORICONENT,Oricon Enterprises Limited,ORICONENT
NSE: ORIENTABRA,Orient Abrasives Limited,ORIENTABRA
NSE: ORIENTBELL,Orient Bell Limited,ORIENTBELL
NSE: ORIENTCEM,Orient Cement Limited,ORIENTCEM
NSE: ORIENTELEC,Orient Electric Limited,ORIENTELEC
NSE: GREENPOWER,Orient Green Power Company Limited,GREENPOWER
NSE: ORIENTPPR,Orient Paper & Industries Limited,ORIENTPPR
NSE: ORIENTLTD,Orient Press Limited,ORIENTLTD
NSE: ORIENTREF,Orient Refractories Limited,ORIENTREF
NSE: OAL,Oriental Aromatics Limited,OAL
NSE: OCCL,Oriental Carbon & Chemicals Limited,OCCL
NSE: ORIENTHOT,Oriental Hotels Limited,ORIENTHOT
NSE: ORIENTALTL,Oriental Trimex Limited,ORIENTALTL
NSE: ORTEL,Ortel Communications Limited,ORTEL
NSE: ORTINLABSS,Ortin Laboratories Limited,ORTINLABSS
NSE: OSIAHYPER,Osia Hyper Retail Limited,OSIAHYPER
NSE: OSWALAGRO,Oswal Agro Mills Limited,OSWALAGRO
NSE: BINDALAGRO,Oswal Chemicals & Fertilizers Limited,BINDALAGRO
NSE: PAEL,PAE Limited,PAEL
NSE: PAGEIND,Page Industries Limited,PAGEIND
NSE: PAISALO,Paisalo Digital Limited,PAISALO
NSE: PALASHSECU,Palash Securities Limited,PALASHSECU
NSE: PALREDTEC,Palred Technologies Limited,PALREDTEC
NSE: PANACEABIO,Panacea Biotec Limited,PANACEABIO
NSE: PANACHE,Panache Digilife Limited,PANACHE
NSE: PANAMAPET,Panama Petrochem Limited,PANAMAPET
NSE: PANSARI,Pansari Developers Limited,PANSARI
NSE: PAR,Par Drugs and Chemicals Limited,PAR
NSE: PARABDRUGS,Parabolic Drugs Limited,PARABDRUGS
NSE: PARAGMILK,Parag Milk Foods Limited,PARAGMILK
NSE: PARACABLES,Paramount Communications Limited,PARACABLES
NSE: PARIN,Parin Furniture Limited,PARIN
NSE: PARSVNATH,Parsvnath Developers Limited,PARSVNATH
NSE: PASHUPATI,Pashupati Cotspin Limited,PASHUPATI
NSE: PATELENG,Patel Engineering Limited,PATELENG
NSE: PATINTLOG,Patel Integrated Logistics Limited,PATINTLOG
NSE: PATSPINLTD,Patspin India Limited,PATSPINLTD
NSE: PCJEWELLER,PC Jeweller Limited,PCJEWELLER
NSE: PDSMFL,PDS Multinational Fashions Limited,PDSMFL
NSE: PGIL,Pearl Global Industries Limited,PGIL
NSE: PEARLPOLY,Pearl Polymers Limited,PEARLPOLY
NSE: PENINLAND,Peninsula Land Limited,PENINLAND
NSE: PENIND,Pennar Industries Limited,PENIND
NSE: PENTAGOLD,Penta Gold Limited,PENTAGOLD
NSE: PERFECT,Perfect Infraengineers Limited,PERFECT
NSE: PERSISTENT,Persistent Systems Limited,PERSISTENT
NSE: PETRONET,Petronet LNG Limited,PETRONET
NSE: PFIZER,Pfizer Limited,PFIZER
NSE: PGEL,PG Electroplast Limited,PGEL
NSE: PHILIPCARB,Phillips Carbon Black Limited,PHILIPCARB
NSE: PIIND,PI Industries Limited,PIIND
NSE: PIDILITIND,Pidilite Industries Limited,PIDILITIND
NSE: PILITA,Pil Italica Lifestyle Limited,PILITA
NSE: PILANIINVS,Pilani Investment and Industries Corporation Limited,PILANIINVS
NSE: PIONDIST,Pioneer Distilleries Limited,PIONDIST
NSE: PIONEEREMB,Pioneer Embroideries Limited,PIONEEREMB
NSE: PEL,Piramal Enterprises Limited,PEL
NSE: PITTIENG,Pitti Engineering Limited,PITTIENG
NSE: PLASTIBLEN,Plastiblends India Limited,PLASTIBLEN
NSE: PNBGILTS,PNB Gilts Limited,PNBGILTS
NSE: PNBHOUSING,PNB Housing Finance Limited,PNBHOUSING
NSE: PNCINFRA,PNC Infratech Limited,PNCINFRA
NSE: PODDARHOUS,Poddar Housing and Development Limited,PODDARHOUS
NSE: PODDARMENT,Poddar Pigments Limited,PODDARMENT
NSE: POKARNA,Pokarna Limited,POKARNA
NSE: POLYMED,Poly Medicure Limited,POLYMED
NSE: POLYCAB,Polycab India Limited,POLYCAB
NSE: POLYPLEX,Polyplex Corporation Limited,POLYPLEX
NSE: PONNIERODE,Ponni Sugars (Erode) Limited,PONNIERODE
NSE: PIGL,Power & Instrumentation (Gujarat) Limited,PIGL
NSE: PFC,Power Finance Corporation Limited,PFC
NSE: POWERGRID,Power Grid Corporation of India Limited,POWERGRID
NSE: POWERMECH,Power Mech Projects Limited,POWERMECH
NSE: POWERFUL,Powerful Technologies Limited,POWERFUL
NSE: PPAP,PPAP Automotive Limited,PPAP
NSE: PRABHAT,Prabhat Dairy Limited,PRABHAT
NSE: PRADIP,Pradip Overseas Limited,PRADIP
NSE: PRAJIND,Praj Industries Limited,PRAJIND
NSE: PRAENG,Prajay Engineers Syndicate Limited,PRAENG
NSE: PRAKASH,Prakash Industries Limited,PRAKASH
NSE: PPL,Prakash Pipes Limited,PPL
NSE: PRAKASHSTL,Prakash Steelage Limited,PRAKASHSTL
NSE: DIAMONDYD,Prataap Snacks Limited,DIAMONDYD
NSE: PRAXIS,Praxis Home Retail Limited,PRAXIS
NSE: PRECAM,Precision Camshafts Limited,PRECAM
NSE: PRECWIRE,Precision Wires India Limited,PRECWIRE
NSE: PRECOT,Precot Meridian Limited,PRECOT
NSE: PREMEXPLN,Premier Explosives Limited,PREMEXPLN
NSE: PREMIER,Premier Limited,PREMIER
NSE: PREMIERPOL,Premier Polyfilm Limited,PREMIERPOL
NSE: PRESSMN,Pressman Advertising Limited,PRESSMN
NSE: PRESTIGE,Prestige Estates Projects Limited,PRESTIGE
NSE: PRICOLLTD,Pricol Limited,PRICOLLTD
NSE: PFOCUS,Prime Focus Limited,PFOCUS
NSE: PRIMESECU,Prime Securities Limited,PRIMESECU
NSE: PRINCEPIPE,Prince Pipes And Fittings Limited,PRINCEPIPE
NSE: PRSMJOHNSN,Prism Johnson Limited,PRSMJOHNSN
NSE: PRITI,Priti International Limited,PRITI
NSE: PNC,Pritish Nandy Communications Limited,PNC
NSE: PGHL,Procter & Gamble Health Limited,PGHL
NSE: PGHH,Procter & Gamble Hygiene and Health Care Limited,PGHH
NSE: PROLIFE,Prolife Industries Limited,PROLIFE
NSE: PROSEED,Proseed India Limited,PROSEED
NSE: PROZONINTU,Prozone Intu Properties Limited,PROZONINTU
NSE: PSL,PSL Limited,PSL
NSE: PSPPROJECT,PSP Projects Limited,PSPPROJECT
NSE: PFS,PTC India Financial Services Limited,PFS
NSE: PTC,PTC India Limited,PTC
NSE: PTL,PTL Enterprises Limited,PTL
NSE: PDMJEPAPER,Pudumjee Paper Products Limited,PDMJEPAPER
NSE: PULZ,Pulz Electronics Limited,PULZ
NSE: PUNJLLOYD,Punj Lloyd Limited,PUNJLLOYD
NSE: PSB,Punjab & Sind Bank,PSB
NSE: PUNJABCHEM,Punjab Chemicals & Crop Protection Limited,PUNJABCHEM
NSE: PNB,Punjab National Bank,PNB
NSE: PURVA,Puravankara Limited,PURVA
NSE: PUSHPREALM,Pushpanjali Realms and Infratech Limited,PUSHPREALM
NSE: PVR,PVR Limited,PVR
NSE: QUESS,Quess Corp Limited,QUESS
NSE: QUICKHEAL,Quick Heal Technologies Limited,QUICKHEAL
NSE: RMDRIP,R M Drip and Sprinklers Systems Limited,RMDRIP
NSE: RSYSTEMS,R Systems International Limited,RSYSTEMS
NSE: RSSOFTWARE,R. S. Software (India) Limited,RSSOFTWARE
NSE: RPPINFRA,R.P.P. Infra Projects Limited,RPPINFRA
NSE: RADAAN,Radaan Mediaworks India Limited,RADAAN
NSE: RMCL,Radha Madhav Corporation Limited,RMCL
NSE: RADICO,Radico Khaitan Limited,RADICO
NSE: RVNL,Rail Vikas Nigam Limited,RVNL
NSE: RAIN,Rain Industries Limited,RAIN
NSE: RAJOIL,Raj Oil Mills Limited,RAJOIL
NSE: RAJRAYON,Raj Rayon Industries Limited,RAJRAYON
NSE: RAJTV,Raj Television Network Limited,RAJTV
NSE: ARENTERP,Rajdarshan Industries Limited,ARENTERP
NSE: RAJESHEXPO,Rajesh Exports Limited,RAJESHEXPO
NSE: RAJMET,Rajnandini Metal Limited,RAJMET
NSE: RPPL,Rajshree Polypack Limited,RPPL
NSE: RAJSREESUG,Rajshree Sugars & Chemicals Limited,RAJSREESUG
NSE: RALLIS,Rallis India Limited,RALLIS
NSE: RAMASTEEL,Rama Steel Tubes Limited,RAMASTEEL
NSE: RAMCOIND,Ramco Industries Limited,RAMCOIND
NSE: RAMCOSYS,Ramco Systems Limited,RAMCOSYS
NSE: RKFORGE,Ramkrishna Forgings Limited,RKFORGE
NSE: RAMKY,Ramky Infrastructure Limited,RAMKY
NSE: RAMSARUP,Ramsarup Industries Limited,RAMSARUP
NSE: RANASUG,Rana Sugars Limited,RANASUG
NSE: RML,Rane (Madras) Limited,RML
NSE: RBL,Rane Brake Lining Limited,RBL
NSE: RANEENGINE,Rane Engine Valve Limited,RANEENGINE
NSE: RANEHOLDIN,Rane Holdings Limited,RANEHOLDIN
NSE: RCF,Rashtriya Chemicals and Fertilizers Limited,RCF
NSE: RATNAMANI,Ratnamani Metals & Tubes Limited,RATNAMANI
NSE: RTNINFRA,RattanIndia Infrastructure Limited,RTNINFRA
NSE: RTNPOWER,RattanIndia Power Limited,RTNPOWER
NSE: RKDL,Ravi Kumar Distilleries Limited,RKDL
NSE: RAYMOND,Raymond Limited,RAYMOND
NSE: RBLBANK,RBL Bank Limited,RBLBANK
NSE: RECLTD,REC Limited,RECLTD
NSE: REDINGTON,Redington (India) Limited,REDINGTON
NSE: REFEX,Refex Industries Limited,REFEX
NSE: RELAXO,Relaxo Footwears Limited,RELAXO
NSE: RELIABLE,Reliable Data Services Limited,RELIABLE
NSE: RELCAPITAL,Reliance Capital Limited,RELCAPITAL
NSE: RCOM,Reliance Communications Limited,RCOM
NSE: RHFL,Reliance Home Finance Limited,RHFL
NSE: RIIL,Reliance Industrial Infrastructure Limited,RIIL
NSE: RELIANCE,Reliance Industries Limited,RELIANCE
NSE: RELINFRA,Reliance Infrastructure Limited,RELINFRA
NSE: RNAVAL,Reliance Naval and Engineering Limited,RNAVAL
NSE: RPOWER,Reliance Power Limited,RPOWER
NSE: RELIGARE,Religare Enterprises Limited,RELIGARE
NSE: REMSONSIND,Remsons Industries Limited,REMSONSIND
NSE: RGL,Renaissance Global Limited,RGL
NSE: REPCOHOME,Repco Home Finance Limited,REPCOHOME
NSE: REPRO,Repro India Limited,REPRO
NSE: RESPONIND,Responsive Industries Limited,RESPONIND
NSE: REVATHI,Revathi Equipment Limited,REVATHI
NSE: RICOAUTO,Rico Auto Industries Limited,RICOAUTO
NSE: RITES,RITES Limited,RITES
NSE: RKEC,RKEC Projects Limited,RKEC
NSE: ROHITFERRO,Rohit Ferro-Tech Limited,ROHITFERRO
NSE: ROLLT,Rollatainers Limited,ROLLT
NSE: ROLTA,Rolta India Limited,ROLTA
NSE: ROSSARI,Rossari Biotech Limited,ROSSARI
NSE: ROSSELLIND,Rossell India Limited,ROSSELLIND
NSE: ROUTE,Route Mobile Limited,ROUTE
NSE: ROHLTD,Royal Orchid Hotels Limited,ROHLTD
NSE: RPGLIFE,RPG Life Sciences Limited,RPGLIFE
NSE: RSWM,RSWM Limited,RSWM
NSE: RUCHINFRA,Ruchi Infrastructure Limited,RUCHINFRA
NSE: RUCHI,Ruchi Soya Industries Limited,RUCHI
NSE: RUCHIRA,Ruchira Papers Limited,RUCHIRA
NSE: REPL,Rudrabhishek Enterprises Limited,REPL
NSE: RUPA,Rupa & Company Limited,RUPA
NSE: RUSHIL,Rushil Decor Limited,RUSHIL
NSE: SCHAND,S Chand And Company Limited,SCHAND
NSE: SHK,S H Kelkar and Company Limited,SHK
NSE: S&SPOWER,S&S Power Switchgears Limited,S&SPOWER
NSE: SPAL,S. P. Apparels Limited,SPAL
NSE: SALSTEEL,S.A.L. Steel Limited,SALSTEEL
NSE: SEPOWER,S.E. Power Limited,SEPOWER
NSE: SSINFRA,S.S. Infrastructure Development Consultants Limited,SSINFRA
NSE: SABEVENTS,Sab Events & Governance Now Media Limited,SABEVENTS
NSE: SADBHAV,Sadbhav Engineering Limited,SADBHAV
NSE: SADBHIN,Sadbhav Infrastructure Project Limited,SADBHIN
NSE: SAFARI,Safari Industries (India) Limited,SAFARI
NSE: SAGCEM,Sagar Cements Limited,SAGCEM
NSE: SAGARDEEP,Sagardeep Alloys Limited,SAGARDEEP
NSE: SAKAR,Sakar Healthcare Limited,SAKAR
NSE: SAKETH,Saketh Exim Limited,SAKETH
NSE: SAKSOFT,Saksoft Limited,SAKSOFT
NSE: SAKHTISUG,Sakthi Sugars Limited,SAKHTISUG
NSE: SAKUMA,Sakuma Exports Limited,SAKUMA
NSE: SECL,Salasar Exteriors and Contour Limited,SECL
NSE: SALASAR,Salasar Techno Engineering Limited,SALASAR
NSE: SALONA,Salona Cotspin Limited,SALONA
NSE: SALZERELEC,Salzer Electronics Limited,SALZERELEC
NSE: SAMBHAAV,Sambhaav Media Limited,SAMBHAAV
NSE: SANCO,Sanco Industries Limited,SANCO
NSE: SANDHAR,Sandhar Technologies Limited,SANDHAR
NSE: SANGAMIND,Sangam (India) Limited,SANGAMIND
NSE: SANGHIIND,Sanghi Industries Limited,SANGHIIND
NSE: SANGHVIFOR,Sanghvi Forging and Engineering Limited,SANGHVIFOR
NSE: SANGHVIMOV,Sanghvi Movers Limited,SANGHVIMOV
NSE: SANGINITA,Sanginita Chemicals Limited,SANGINITA
NSE: SANOFI,Sanofi India Limited,SANOFI
NSE: SANWARIA,Sanwaria Consumer Limited,SANWARIA
NSE: SARDAEN,Sarda Energy & Minerals Limited,SARDAEN
NSE: SAREGAMA,Saregama India Limited,SAREGAMA
NSE: SARLAPOLY,Sarla Performance Fibers Limited,SARLAPOLY
NSE: SARVESHWAR,Sarveshwar Foods Limited,SARVESHWAR
NSE: SASKEN,Sasken Technologies Limited,SASKEN
NSE: SASTASUNDR,Sastasundar Ventures Limited,SASTASUNDR
NSE: SATHAISPAT,Sathavahana Ispat Limited,SATHAISPAT
NSE: SATIA,Satia Industries Limited,SATIA
NSE: SATIN,Satin Creditcare Network Limited,SATIN
NSE: SOTL,Savita Oil Technologies Limited,SOTL
NSE: SBICARD,SBI Cards and Payment Services Limited,SBICARD
NSE: SBILIFE,SBI Life Insurance Company Limited,SBILIFE
NSE: SCHAEFFLER,Schaeffler India Limited,SCHAEFFLER
NSE: SCHNEIDER,Schneider Electric Infrastructure Limited,SCHNEIDER
NSE: SEAMECLTD,Seamec Limited,SEAMECLTD
NSE: SECURCRED,SecUR Credentials Limited,SECURCRED
NSE: SIS,Security and Intelligence Services (India) Limited,SIS
NSE: SELMCL,SEL Manufacturing Company Limited,SELMCL
NSE: SELAN,Selan Exploration Technology Limited,SELAN
NSE: SEQUENT,Sequent Scientific Limited,SEQUENT
NSE: SERVOTECH,Servotech Power Systems Limited,SERVOTECH
NSE: SESHAPAPER,Seshasayee Paper and Boards Limited,SESHAPAPER
NSE: SETCO,Setco Automotive Limited,SETCO
NSE: SETUINFRA,Setubandhan Infrastructure Limited,SETUINFRA
NSE: SEYAIND,Seya Industries Limited,SEYAIND
NSE: SEZAL,Sezal Glass Limited,SEZAL
NSE: SHAHALLOYS,Shah Alloys Limited,SHAHALLOYS
NSE: SHAIVAL,Shaival Reality Limited,SHAIVAL
NSE: SHAKTIPUMP,Shakti_Pumps (India) Limited,SHAKTIPUMP
NSE: SHALBY,Shalby Limited,SHALBY
NSE: SHALPAINTS,Shalimar Paints Limited,SHALPAINTS
NSE: SHANKARA,Shankara Building Products Limited,SHANKARA
NSE: SHANTIGEAR,Shanthi Gears Limited,SHANTIGEAR
NSE: SHANTI,Shanti Overseas (India) Limited,SHANTI
NSE: SHARDACROP,Sharda Cropchem Limited,SHARDACROP
NSE: SHARDAMOTR,Sharda Motor Industries Limited,SHARDAMOTR
NSE: SHARONBIO,Sharon Bio-Medicine Limited,SHARONBIO
NSE: SFL,Sheela Foam Limited,SFL
NSE: SPYL,Shekhawati Poly-Yarn Limited,SPYL
NSE: SHEMAROO,Shemaroo Entertainment Limited,SHEMAROO
NSE: SHILPAMED,Shilpa Medicare Limited,SHILPAMED
NSE: SCI,Shipping Corporation of India Limited,SCI
NSE: SHIRPUR-G,Shirpur Gold Refinery Limited,SHIRPUR-G
NSE: SHIVAUM,Shiv Aum Steels Limited,SHIVAUM
NSE: SHIVAMILLS,Shiva Mills Limited,SHIVAMILLS
NSE: SHIVATEX,Shiva Texyarn Limited,SHIVATEX
NSE: SHIVAMAUTO,Shivam Autotech Limited,SHIVAMAUTO
NSE: SHOPERSTOP,Shoppers Stop Limited,SHOPERSTOP
NSE: SHRADHA,Shradha Infraprojects Limited,SHRADHA
NSE: SHREECEM,Shree Cement Limited,SHREECEM
NSE: SHREDIGCEM,Shree Digvijay Cement Co.Ltd,SHREDIGCEM
NSE: SHREEPUSHK,Shree Pushkar Chemicals & Fertilisers Limited,SHREEPUSHK
NSE: SRPL,Shree Ram Proteins Limited,SRPL
NSE: SHREERAMA,Shree Rama Multi-Tech Limited,SHREERAMA
NSE: RAMANEWS,Shree Rama Newsprint Limited,RAMANEWS
NSE: RENUKA,Shree Renuka Sugars Limited,RENUKA
NSE: TIRUPATI,Shree Tirupati Balajee FIBC Limited,TIRUPATI
NSE: SVLL,Shree Vasu Logistics Limited,SVLL
NSE: OSWALSEEDS,ShreeOswal Seeds And Chemicals Limited,OSWALSEEDS
NSE: SHRENIK,Shrenik Limited,SHRENIK
NSE: SHREYANIND,Shreyans Industries Limited,SHREYANIND
NSE: SHREYAS,Shreyas Shipping & Logistics Limited,SHREYAS
NSE: SRIRAM,Shri Ram Switchgears Limited,SRIRAM
NSE: SHRIRAMCIT,Shriram City Union Finance Limited,SHRIRAMCIT
NSE: SHRIRAMEPC,Shriram EPC Limited,SHRIRAMEPC
NSE: SHRIPISTON,Shriram Pistons & Rings Limited,SHRIPISTON
NSE: SRTRANSFIN,Shriram Transport Finance Company Limited,SRTRANSFIN
NSE: SHUBHLAXMI,Shubhlaxmi Jewel Art Limited,SHUBHLAXMI
NSE: SHYAMCENT,Shyam Century Ferrous Limited,SHYAMCENT
NSE: SHYAMMETL,Shyam Metalics and Energy Ltd,SHYAMMETL
NSE: SHYAMTEL,Shyam Telecom Limited,SHYAMTEL
NSE: SICAGEN,Sicagen India Limited,SICAGEN
NSE: SICAL,Sical Logistics Limited,SICAL
NSE: SIEMENS,Siemens Limited,SIEMENS
NSE: SIGIND,Signet Industries Limited,SIGIND
NSE: SIKKO,Sikko Industries Limited,SIKKO
NSE: SILINV,SIL Investments Limited,SILINV
NSE: SILGO,Silgo Retail Limited,SILGO
NSE: SILLYMONKS,Silly Monks Entertainment Limited,SILLYMONKS
NSE: SILVERTUC,Silver Touch Technologies Limited,SILVERTUC
NSE: SIMBHALS,Simbhaoli Sugars Limited,SIMBHALS
NSE: SIMPLEXINF,Simplex Infrastructures Limited,SIMPLEXINF
NSE: SINTERCOM,Sintercom India Limited,SINTERCOM
NSE: SINTEX,Sintex Industries Limited,SINTEX
NSE: SPTL,Sintex Plastics Technology Limited,SPTL
NSE: SIRCA,Sirca Paints India Limited,SIRCA
NSE: SITINET,Siti Networks Limited,SITINET
NSE: SIYSIL,Siyaram Silk Mills Limited,SIYSIL
NSE: SJVN,SJVN Limited,SJVN
NSE: SKFINDIA,SKF India Limited,SKFINDIA
NSE: SKIL,SKIL Infrastructure Limited,SKIL
NSE: SKIPPER,Skipper Limited,SKIPPER
NSE: SKMEGGPROD,SKM Egg Products Export (India) Limited,SKMEGGPROD
NSE: SKSTEXTILE,SKS Textiles Limited,SKSTEXTILE
NSE: SMARTLINK,Smartlink Holdings Limited,SMARTLINK
NSE: SMLISUZU,SML Isuzu Limited,SMLISUZU
NSE: SMSLIFE,SMS Lifesciences India Limited,SMSLIFE
NSE: SMSPHARMA,SMS Pharmaceuticals Limited,SMSPHARMA
NSE: SMVD,SMVD Poly Pack Limited,SMVD
NSE: SNOWMAN,Snowman Logistics Limited,SNOWMAN
NSE: SOBHA,Sobha Limited,SOBHA
NSE: SOFTTECH,Softtech Engineers Limited,SOFTTECH
NSE: SOLARINDS,Solar Industries India Limited,SOLARINDS
NSE: SOLARA,Solara Active Pharma Sciences Limited,SOLARA
NSE: SOLEX,Solex Energy Limited,SOLEX
NSE: SDBL,Som Distilleries & Breweries Limited,SDBL
NSE: SOMATEX,Soma Textiles & Industries Limited,SOMATEX
NSE: SOMANYCERA,Somany Ceramics Limited,SOMANYCERA
NSE: SHIL,Somany Home Innovation Limited,SHIL
NSE: SOMICONVEY,Somi Conveyor Beltings Limited,SOMICONVEY
NSE: SONAHISONA,Sona Hi Sona Jewellers (Gujarat) Limited,SONAHISONA
NSE: SONAMCLOCK,Sonam Clock Limited,SONAMCLOCK
NSE: SONATSOFTW,Sonata Software Limited,SONATSOFTW
NSE: SONISOYA,Soni Soya Products Limited,SONISOYA
NSE: SORILINFRA,SORIL Infra Resources Limited,SORILINFRA
NSE: SOUTHWEST,South West Pinnacle Exploration Limited,SOUTHWEST
NSE: SPIC,Southern Petrochemicals Industries Corporation Limited,SPIC
NSE: SPCENET,Spacenet Enterprises India Limited,SPCENET
NSE: SPANDANA,Spandana Sphoorty Financial Limited,SPANDANA
NSE: SPECIALITY,Speciality Restaurants Limited,SPECIALITY
NSE: SPECTRUM,Spectrum Electrical Industries Limited,SPECTRUM
NSE: SPENCERS,Spencer's Retail Limited,SPENCERS
NSE: SPENTEX,Spentex Industries Limited,SPENTEX
NSE: SPLIL,SPL Industries Limited,SPLIL
NSE: SMPL,Splendid Metal Products Limited,SMPL
NSE: SPMLINFRA,SPML Infra Limited,SPMLINFRA
NSE: SRHHYPOLTD,Sree Rayalaseema Hi-Strength Hypo Limited,SRHHYPOLTD
NSE: SREEL,Sreeleathers Limited,SREEL
NSE: SREINFRA,SREI Infrastructure Finance Limited,SREINFRA
NSE: SRF,SRF Limited,SRF
NSE: SABTN,Sri Adhikari Brothers Television Network Limited,SABTN
NSE: HAVISHA,Sri Havisha Hospitality and Infrastructure Limited,HAVISHA
NSE: SRIPIPES,Srikalahasthi Pipes Limited,SRIPIPES
NSE: STAMPEDE,Stampede Capital Limited,STAMPEDE
NSE: SIL,Standard Industries Limited,SIL
NSE: STARCEMENT,Star Cement Limited,STARCEMENT
NSE: STARPAPER,Star Paper Mills Limited,STARPAPER
NSE: SBIN,State Bank of India,SBIN
NSE: SAIL,Steel Authority of India Limited,SAIL
NSE: STEELCITY,Steel City Securities Limited,STEELCITY
NSE: STEELXIND,Steel Exchange India Limited,STEELXIND
NSE: SSWL,Steel Strips Wheels Limited,SSWL
NSE: STEL,Stel Holdings Limited,STEL
NSE: SWSOLAR,Sterling And Wilson Solar Limited,SWSOLAR
NSE: STERTOOLS,Sterling Tools Limited,STERTOOLS
NSE: STRTECH,Sterlite Technologies Limited,STRTECH
NSE: STINDIA,STI India Limited,STINDIA
NSE: SGL,STL Global Limited,SGL
NSE: STAR,Strides Pharma Science Limited,STAR
NSE: SUBEXLTD,Subex Limited,SUBEXLTD
NSE: SUBROS,Subros Limited,SUBROS
NSE: SUDARSCHEM,Sudarshan Chemical Industries Limited,SUDARSCHEM
NSE: SUJANAUNI,Sujana Universal Industries Limited,SUJANAUNI
NSE: SUMEETINDS,Sumeet Industries Limited,SUMEETINDS
NSE: SUMIT,Sumit Woods Limited,SUMIT
NSE: SUMICHEM,Sumitomo Chemical India Limited,SUMICHEM
NSE: SUMMITSEC,Summit Securities Limited,SUMMITSEC
NSE: SPARC,Sun Pharma Advanced Research Company Limited,SPARC
NSE: SUNPHARMA,Sun Pharmaceutical Industries Limited,SUNPHARMA
NSE: SUNTV,Sun TV Network Limited,SUNTV
NSE: SUNDRMBRAK,Sundaram Brake Linings Limited,SUNDRMBRAK
NSE: SUNCLAYLTD,Sundaram Clayton Limited,SUNCLAYLTD
NSE: SUNDARMHLD,Sundaram Finance Holdings Limited,SUNDARMHLD
NSE: SUNDARMFIN,Sundaram Finance Limited,SUNDARMFIN
NSE: SUNDARAM,Sundaram Multi Pap Limited,SUNDARAM
NSE: SUNDRMFAST,Sundram Fasteners Limited,SUNDRMFAST
NSE: SUNFLAG,Sunflag Iron And Steel Company Limited,SUNFLAG
NSE: SUPERSPIN,Super Spinning Mills Limited,SUPERSPIN
NSE: SUPERHOUSE,Superhouse Limited,SUPERHOUSE
NSE: SUPRAJIT,Suprajit Engineering Limited,SUPRAJIT
NSE: SUPREMEENG,Supreme Engineering Limited,SUPREMEENG
NSE: SUPREMEIND,Supreme Industries Limited,SUPREMEIND
NSE: SUPREMEINF,Supreme Infrastructure India Limited,SUPREMEINF
NSE: SUPPETRO,Supreme Petrochem Limited,SUPPETRO
NSE: SURANASOL,Surana Solar Limited,SURANASOL
NSE: SURANAT&P,Surana Telecom and Power Limited,SURANAT&P
NSE: SURANI,Surani Steel Tubes Limited,SURANI
NSE: SUREVIN,Surevin BPO Services Limited,SUREVIN
NSE: SURYAROSNI,Surya Roshni Limited,SURYAROSNI
NSE: SURYALAXMI,Suryalakshmi Cotton Mills Limited,SURYALAXMI
NSE: SUTLEJTEX,Sutlej Textiles and Industries Limited,SUTLEJTEX
NSE: SUULD,Suumaya Lifestyle Limited,SUULD
NSE: SUVEN,Suven Life Sciences Limited,SUVEN
NSE: SUVENPHAR,Suven Pharmaceuticals Limited,SUVENPHAR
NSE: SUZLON,Suzlon Energy Limited,SUZLON
NSE: SWANENERGY,Swan Energy Limited,SWANENERGY
NSE: SWARAJENG,Swaraj Engines Limited,SWARAJENG
NSE: SWELECTES,Swelect Energy Systems Limited,SWELECTES
NSE: SYMPHONY,Symphony Limited,SYMPHONY
NSE: SYNCOM,Syncom Healthcare Limited,SYNCOM
NSE: SYNGENE,Syngene International Limited,SYNGENE
NSE: TTL,T T Limited,TTL
NSE: TAINWALCHM,Tainwala Chemical and Plastic (I) Limited,TAINWALCHM
NSE: TAJGVK,Taj GVK Hotels & Resorts Limited,TAJGVK
NSE: TAKE,Take Solutions Limited,TAKE
NSE: TALBROAUTO,Talbros Automotive Components Limited,TALBROAUTO
NSE: TALWALKARS,Talwalkars Better Value Fitness Limited,TALWALKARS
NSE: TALWGYM,Talwalkars Healthclubs Limited,TALWGYM
NSE: TNPL,Tamil Nadu Newsprint & Papers Limited,TNPL
NSE: TNPETRO,Tamil Nadu Petroproducts Limited,TNPETRO
NSE: TNTELE,Tamil Nadu Telecommunication Limited,TNTELE
NSE: TANLA,Tanla Solutions Limited,TANLA
NSE: TANTIACONS,Tantia Constructions Limited,TANTIACONS
NSE: TARACHAND,Tara Chand Logistic Solutions Limited,TARACHAND
NSE: TARMAT,Tarmat Limited,TARMAT
NSE: TASTYBITE,Tasty Bite Eatables Limited,TASTYBITE
NSE: TATACHEM,Tata Chemicals Limited,TATACHEM
NSE: TATACOFFEE,Tata Coffee Limited,TATACOFFEE
NSE: TATACOMM,Tata Communications Limited,TATACOMM
NSE: TCS,Tata Consultancy Services Limited,TCS
NSE: TATACONSUM,Tata Consumer Products Limited,TATACONSUM
NSE: TATAELXSI,Tata Elxsi Limited,TATAELXSI
NSE: TATAINVEST,Tata Investment Corporation Limited,TATAINVEST
NSE: TATAMETALI,Tata Metaliks Limited,TATAMETALI
NSE: TATAMOTORS,Tata Motors Limited,TATAMOTORS
NSE: TATAPOWER,Tata Power Company Limited,TATAPOWER
NSE: TATASTLBSL,Tata Steel Bsl Limited,TATASTLBSL
NSE: TATASTEEL,Tata Steel Limited,TATASTEEL
NSE: TATASTLLP,Tata Steel Long Products Limited,TATASTLLP
NSE: TTML,Tata Teleservices (Maharashtra) Limited,TTML
NSE: TCIDEVELOP,TCI Developers Limited,TCIDEVELOP
NSE: TCIEXP,TCI Express Limited,TCIEXP
NSE: TCIFINANCE,TCI Finance Limited,TCIFINANCE
NSE: TCNSBRANDS,TCNS Clothing Co. Limited,TCNSBRANDS
NSE: TCPLPACK,TCPL Packaging Limited,TCPLPACK
NSE: TDPOWERSYS,TD Power Systems Limited,TDPOWERSYS
NSE: TEAMLEASE,Teamlease Services Limited,TEAMLEASE
NSE: TECHM,Tech Mahindra Limited,TECHM
NSE: TECHIN,Techindia Nirman Limited,TECHIN
NSE: TECHNOE,Techno Electric & Engineering Company Limited,TECHNOE
NSE: TIIL,Technocraft Industries (India) Limited,TIIL
NSE: TECHNOFAB,Technofab Engineering Limited,TECHNOFAB
NSE: TEJASNET,Tejas Networks Limited,TEJASNET
NSE: TERASOFT,Tera Software Limited,TERASOFT
NSE: TEXINFRA,Texmaco Infrastructure & Holdings Limited,TEXINFRA
NSE: TEXRAIL,Texmaco Rail & Engineering Limited,TEXRAIL
NSE: TEXMOPIPES,Texmo Pipes and Products Limited,TEXMOPIPES
NSE: TGBHOTELS,TGB Banquets And Hotels Limited,TGBHOTELS
NSE: THANGAMAYL,Thangamayil Jewellery Limited,THANGAMAYL
NSE: ANDHRSUGAR,The Andhra Sugars Limited,ANDHRSUGAR
NSE: ANUP,The Anup Engineering Limited,ANUP
NSE: BYKE,The Byke Hospitality Ltd,BYKE
NSE: FEDERALBNK,The Federal Bank Limited,FEDERALBNK
NSE: GESHIP,The Great Eastern Shipping Company Limited,GESHIP
NSE: GROBTEA,The Grob Tea Company Limited,GROBTEA
NSE: HITECHGEAR,The Hi-Tech Gears Limited,HITECHGEAR
NSE: INDIACEM,The India Cements Limited,INDIACEM
NSE: INDHOTEL,The Indian Hotels Company Limited,INDHOTEL
NSE: THEINVEST,The Investment Trust Of India Limited,THEINVEST
NSE: J&KBANK,The Jammu & Kashmir Bank Limited,J&KBANK
NSE: KTKBANK,The Karnataka Bank Limited,KTKBANK
NSE: TMRVL,The Mandhana Retail Ventures Limited,TMRVL
NSE: MOTOGENFIN,The Motor & General Finance Limited,MOTOGENFIN
NSE: NIACL,The New India Assurance Company Limited,NIACL
NSE: ORISSAMINE,The Orissa Minerals Development Company Limited,ORISSAMINE
NSE: PKTEA,The Peria Karamalai Tea & Produce Company Limited,PKTEA
NSE: PHOENIXLTD,The Phoenix Mills Limited,PHOENIXLTD
NSE: RAMCOCEM,The Ramco Cements Limited,RAMCOCEM
NSE: RUBYMILLS,The Ruby Mills Limited,RUBYMILLS
NSE: SANDESH,The Sandesh Limited,SANDESH
NSE: SOUTHBANK,The South Indian Bank Limited,SOUTHBANK
NSE: STCINDIA,The State Trading Corporation of India Limited,STCINDIA
NSE: TINPLATE,The Tinplate Company of India Limited,TINPLATE
NSE: UGARSUGAR,The Ugar Sugar Works Limited,UGARSUGAR
NSE: UNITEDTEA,The United Nilgiri Tea Estates Company Limited,UNITEDTEA
NSE: WIPL,The Western India Plywoods Limited,WIPL
NSE: THEJO,Thejo Engineering Limited,THEJO
NSE: THEMISMED,Themis Medicare Limited,THEMISMED
NSE: THERMAX,Thermax Limited,THERMAX
NSE: THIRUSUGAR,Thiru Arooran Sugars Limited,THIRUSUGAR
NSE: TIRUMALCHM,Thirumalai Chemicals Limited,TIRUMALCHM
NSE: THOMASCOOK,Thomas Cook (India) Limited,THOMASCOOK
NSE: THOMASCOTT,Thomas Scott (India) Limited,THOMASCOTT
NSE: THYROCARE,Thyrocare Technologies Limited,THYROCARE
NSE: TIDEWATER,Tide Water Oil Company (India) Limited,TIDEWATER
NSE: TIJARIA,Tijaria Polypipes Limited,TIJARIA
NSE: TIL,TIL Limited,TIL
NSE: TI,Tilaknagar Industries Limited,TI
NSE: TIMETECHNO,Time Technoplast Limited,TIMETECHNO
NSE: TIMESGTY,Times Guaranty Limited,TIMESGTY
NSE: TIMKEN,Timken India Limited,TIMKEN
NSE: TIPSINDLTD,TIPS Industries Limited,TIPSINDLTD
NSE: TIRUPATIFL,Tirupati Forge Limited,TIRUPATIFL
NSE: TWL,Titagarh Wagons Limited,TWL
NSE: TITAN,Titan Company Limited,TITAN
NSE: TOKYOPLAST,Tokyo Plast International Limited,TOKYOPLAST
NSE: TORNTPHARM,Torrent Pharmaceuticals Limited,TORNTPHARM
NSE: TORNTPOWER,Torrent Power Limited,TORNTPOWER
NSE: TOTAL,Total Transport Systems Limited,TOTAL
NSE: TOUCHWOOD,Touchwood Entertainment Limited,TOUCHWOOD
NSE: TFCILTD,Tourism Finance Corporation of India Limited,TFCILTD
NSE: TPLPLASTEH,TPL Plastech Limited,TPLPLASTEH
NSE: TRIL,Transformers And Rectifiers (India) Limited,TRIL
NSE: TCI,Transport Corporation of India Limited,TCI
NSE: TFL,Transwarranty Finance Limited,TFL
NSE: TRANSWIND,Transwind Infrastructures Limited,TRANSWIND
NSE: TREEHOUSE,Tree House Education & Accessories Limited,TREEHOUSE
NSE: TREJHARA,Trejhara Solutions Limited,TREJHARA
NSE: TRENT,Trent Limited,TRENT
NSE: TRF,TRF Limited,TRF
NSE: TBZ,Tribhovandas Bhimji Zaveri Limited,TBZ
NSE: TRIDENT,Trident Limited,TRIDENT
NSE: TRIGYN,Trigyn Technologies Limited,TRIGYN
NSE: TRIVENI,Triveni Engineering & Industries Limited,TRIVENI
NSE: TRITURBINE,Triveni Turbine Limited,TRITURBINE
NSE: TTKHLTCARE,TTK Healthcare Limited,TTKHLTCARE
NSE: TTKPRESTIG,TTK Prestige Limited,TTKPRESTIG
NSE: TIINDIA,Tube Investments of India Limited,TIINDIA
NSE: TVTODAY,TV Today Network Limited,TVTODAY
NSE: TVVISION,TV Vision Limited,TVVISION
NSE: TV18BRDCST,TV18 Broadcast Limited,TV18BRDCST
NSE: TVSELECT,TVS Electronics Limited,TVSELECT
NSE: TVSMOTOR,TVS Motor Company Limited,TVSMOTOR
NSE: TVSSRICHAK,TVS Srichakra Limited,TVSSRICHAK
NSE: UCALFUEL,Ucal Fuel Systems Limited,UCALFUEL
NSE: UCOBANK,UCO Bank,UCOBANK
NSE: UFLEX,UFLEX Limited,UFLEX
NSE: UFO,UFO Moviez India Limited,UFO
NSE: UGROCAP,UGRO Capital Limited,UGROCAP
NSE: UJAAS,Ujaas Energy Limited,UJAAS
NSE: UJJIVAN,Ujjivan Financial Services Limited,UJJIVAN
NSE: UJJIVANSFB,Ujjivan Small Finance Bank Limited,UJJIVANSFB
NSE: UWCSL,Ultra Wiring Connectivity System Limited,UWCSL
NSE: ULTRACEMCO,UltraTech Cement Limited,ULTRACEMCO
NSE: UMANGDAIRY,Umang Dairies Limited,UMANGDAIRY
NSE: UNICHEMLAB,Unichem Laboratories Limited,UNICHEMLAB
NSE: UNIINFO,Uniinfo Telecom Services Limited,UNIINFO
NSE: UNIONBANK,Union Bank of India,UNIONBANK
NSE: UNIENTER,Uniphos Enterprises Limited,UNIENTER
NSE: UNIPLY,Uniply Industries Limited,UNIPLY
NSE: UNITECH,Unitech Limited,UNITECH
NSE: UBL,United Breweries Limited,UBL
NSE: UNITEDPOLY,United Polyfab Gujarat Limited,UNITEDPOLY
NSE: MCDOWELL-N,United Spirits Limited,MCDOWELL-N
NSE: UNITY,Unity Infraprojects Limited,UNITY
NSE: UNIVASTU,Univastu India Limited,UNIVASTU
NSE: UNIVCABLES,Universal Cables Limited,UNIVCABLES
NSE: UNIVPHOTO,Universus Photo Imagings Limited,UNIVPHOTO
NSE: UPL,UPL Limited,UPL
NSE: URAVI,Uravi T and Wedge Lamps Limited,URAVI
NSE: URJA,Urja Global Limited,URJA
NSE: UMESLTD,Usha Martin Education & Solutions Limited,UMESLTD
NSE: USHAMART,Usha Martin Limited,USHAMART
NSE: UCL,Ushanti Colour Chem Limited,UCL
NSE: UTIAMC,UTI Asset Management Company Limited,UTIAMC
NSE: UTTAMSTL,Uttam Galva Steels Limited,UTTAMSTL
NSE: UTTAMSUGAR,Uttam Sugar Mills Limited,UTTAMSUGAR
NSE: UVSL,Uttam Value Steels Limited,UVSL
NSE: VSTTILLERS,Shukla industries Pvt LTD,VSTTILLERS
NSE: V2RETAIL,V2 Retail Limited,V2RETAIL
NSE: WABAG,VA Tech Wabag Limited,WABAG
NSE: VADILALIND,Vadilal Industries Limited,VADILALIND
NSE: VSCL,Vadivarhe Speciality Chemicals Limited,VSCL
NSE: VAIBHAVGBL,Vaibhav Global Limited,VAIBHAVGBL
NSE: VAISHALI,Vaishali Pharma Limited,VAISHALI
NSE: VAKRANGEE,Vakrangee Limited,VAKRANGEE
NSE: VARDHACRLC,Vardhman Acrylics Limited,VARDHACRLC
NSE: VHL,Vardhman Holdings Limited,VHL
NSE: VARDMNPOLY,Vardhman Polytex Limited,VARDMNPOLY
NSE: VSSL,Vardhman Special Steels Limited,VSSL
NSE: VTL,Vardhman Textiles Limited,VTL
NSE: VARROC,Varroc Engineering Limited,VARROC
NSE: VBL,Varun Beverages Limited,VBL
NSE: VASA,Vasa Retail and Overseas Ltd,VASA
NSE: VASCONEQ,Vascon Engineers Limited,VASCONEQ
NSE: VASWANI,Vaswani Industries Limited,VASWANI
NSE: VCL,Vaxtex Cotfab Limited,VCL
NSE: VEDL,Vedanta Limited,VEDL
NSE: VENKEYS,Venky's (India) Limited,VENKEYS
NSE: VENUSREM,Venus Remedies Limited,VENUSREM
NSE: VERA,Vera Synthetic Limited,VERA
NSE: VERTOZ,Vertoz Advertising Limited,VERTOZ
NSE: VESUVIUS,Vesuvius India Limited,VESUVIUS
NSE: VETO,Veto Switchgears And Cables Limited,VETO
NSE: VGUARD,V-Guard Industries Limited,VGUARD
NSE: VICEROY,Viceroy Hotels Limited,VICEROY
NSE: VIDEOIND,Videocon Industries Limited,VIDEOIND
NSE: VIDHIING,Vidhi Specialty Food Ingredients Limited,VIDHIING
NSE: VIJIFIN,Viji Finance Limited,VIJIFIN
NSE: VIKASECO,Vikas EcoTech Limited,VIKASECO
NSE: VIKASMCORP,Vikas Multicorp Limited,VIKASMCORP
NSE: VIMTALABS,Vimta Labs Limited,VIMTALABS
NSE: VINATIORGA,Vinati Organics Limited,VINATIORGA
NSE: VINDHYATEL,Vindhya Telelinks Limited,VINDHYATEL
NSE: VINNY,Vinny Overseas Limited,VINNY
NSE: VINYLINDIA,Vinyl Chemicals (India) Limited,VINYLINDIA
NSE: VIPCLOTHNG,VIP Clothing Limited,VIPCLOTHNG
NSE: VIPIND,VIP Industries Limited,VIPIND
NSE: VIPULLTD,Vipul Limited,VIPULLTD
NSE: VISASTEEL,Visa Steel Limited,VISASTEEL
NSE: VIVIDHA,Visagar Polytex Limited,VIVIDHA
NSE: VISAKAIND,Visaka Industries Limited,VISAKAIND
NSE: VISHNU,Vishnu Chemicals Limited,VISHNU
NSE: VISHWARAJ,Vishwaraj Sugar Industries Limited,VISHWARAJ
NSE: VIVIMEDLAB,Vivimed Labs Limited,VIVIMEDLAB
NSE: VLSFINANCE,VLS Finance Limited,VLSFINANCE
NSE: VMART,V-Mart Retail Limited,VMART
NSE: IDEA,Vodafone Idea Limited,IDEA
NSE: VOLTAMP,Voltamp Transformers Limited,VOLTAMP
NSE: VOLTAS,Voltas Limited,VOLTAS
NSE: VRLLOG,VRL Logistics Limited,VRLLOG
NSE: VSTIND,VST Industries Limited,VSTIND
NSE: WSI,W S Industries (I) Limited,WSI
NSE: WABCOINDIA,WABCO India Limited,WABCOINDIA
NSE: WALCHANNAG,Walchandnagar Industries Limited,WALCHANNAG
NSE: WANBURY,Wanbury Limited,WANBURY
NSE: WEALTH,Wealth First Portfolio Managers Limited,WEALTH
NSE: WEBELSOLAR,Websol Energy System Limited,WEBELSOLAR
NSE: WEIZMANIND,Weizmann Limited,WEIZMANIND
NSE: WELCORP,Welspun Corp Limited,WELCORP
NSE: WELENT,Welspun Enterprises Limited,WELENT
NSE: WELSPUNIND,Welspun India Limited,WELSPUNIND
NSE: WELINV,Welspun Investments and Commercials Limited,WELINV
NSE: WENDT,Wendt (India) Limited,WENDT
NSE: WSTCSTPAPR,West Coast Paper Mills Limited,WSTCSTPAPR
NSE: WHEELS,Wheels India Limited,WHEELS
NSE: WHIRLPOOL,Whirlpool of India Limited,WHIRLPOOL
NSE: WILLAMAGOR,Williamson Magor & Company Limited,WILLAMAGOR
NSE: WINDMACHIN,Windsor Machines Limited,WINDMACHIN
NSE: WIPRO,Wipro Limited,WIPRO
NSE: WOCKPHARMA,Wockhardt Limited,WOCKPHARMA
NSE: WFL,Wonder Fibromats Limited,WFL
NSE: WONDERLA,Wonderla Holidays Limited,WONDERLA
NSE: WORTH,Worth Peripherals Limited,WORTH
NSE: XCHANGING,Xchanging Solutions Limited,XCHANGING
NSE: XELPMOC,Xelpmoc Design And Tech Limited,XELPMOC
NSE: XPROINDIA,Xpro India Limited,XPROINDIA
NSE: YESBANK,Yes Bank Limited,YESBANK
NSE: ZEEL,Zee Entertainment Enterprises Limited,ZEEL
NSE: ZEELEARN,Zee Learn Limited,ZEELEARN
NSE: ZEEMEDIA,Zee Media Corporation Limited,ZEEMEDIA
NSE: ZENTEC,Zen Technologies Limited,ZENTEC
NSE: ZENITHBIR,Zenith Birla (India) Limited,ZENITHBIR
NSE: ZENITHEXPO,Zenith Exports Limited,ZENITHEXPO
NSE: ZENSARTECH,Zensar Technologies Limited,ZENSARTECH
NSE: ZICOM,Zicom Electronic Security Systems Limited,ZICOM
NSE: ZODIACLOTH,Zodiac Clothing Company Limited,ZODIACLOTH
NSE: ZODIAC,Zodiac Energy Limited,ZODIAC
NSE: ZODJRDMKJ,Zodiac JRD- MKJ Limited,ZODJRDMKJ
NSE: ZOTA,Zota Health Care Limited,ZOTA
NSE: ZUARI,Zuari Agro Chemicals Limited,ZUARI
NSE: ZUARIGLOB,Zuari Global Limited,ZUARIGLOB
NSE: ZYDUSWELL,Zydus Wellness Limited,ZYDUSWELL
NSE: ZAGGLE,ZAGGLE Zaggle,ZAGGLE
